file_name,signal_classification,uuid,file_index,label
00cb8c44-2289-445b-be14-14dfd7c6b2da.dat,narrowbanddrd,00cb8c44-2289-445b-be14-14dfd7c6b2da,000000,2
00e71671-048b-46cc-a260-2a709953f3f8.dat,squiggle,00e71671-048b-46cc-a260-2a709953f3f8,000001,3
012b16c9-7c54-4e8f-a210-8c2ce39760b9.dat,squiggle,012b16c9-7c54-4e8f-a210-8c2ce39760b9,000002,3
01bde849-2ff1-4ab4-a126-b6417ebbd5f3.dat,squiggle,01bde849-2ff1-4ab4-a126-b6417ebbd5f3,000003,3
01db3965-5de6-402b-8517-45f18f29a689.dat,narrowband,01db3965-5de6-402b-8517-45f18f29a689,000004,1
01e48271-3bc5-49f2-a80b-143c32130d60.dat,narrowband,01e48271-3bc5-49f2-a80b-143c32130d60,000005,1
0244147d-27c8-4b81-a1d4-30b3d70b30f3.dat,noise,0244147d-27c8-4b81-a1d4-30b3d70b30f3,000006,0
02698c70-0c46-4079-95d1-df3568b891b3.dat,narrowbanddrd,02698c70-0c46-4079-95d1-df3568b891b3,000007,2
02824e5e-7d8a-4376-9e2c-99db9cb1aa2a.dat,noise,02824e5e-7d8a-4376-9e2c-99db9cb1aa2a,000008,0
02c3e0eb-ee5a-456f-afc6-b9dbd6c61067.dat,squiggle,02c3e0eb-ee5a-456f-afc6-b9dbd6c61067,000009,3
0329fa9d-1989-4993-8b87-8d689d0482d8.dat,narrowbanddrd,0329fa9d-1989-4993-8b87-8d689d0482d8,000010,2
03f2ba12-93ea-4759-a089-e9fd222c6c8b.dat,narrowband,03f2ba12-93ea-4759-a089-e9fd222c6c8b,000011,1
041727ce-bcf4-45b1-87db-50aaf7c3929f.dat,squiggle,041727ce-bcf4-45b1-87db-50aaf7c3929f,000012,3
0419e9fa-d4af-429c-8ee6-cb66e6a0a0e8.dat,squiggle,0419e9fa-d4af-429c-8ee6-cb66e6a0a0e8,000013,3
042210b3-d03b-4aee-954f-8ddfb1b3bd68.dat,squiggle,042210b3-d03b-4aee-954f-8ddfb1b3bd68,000014,3
04b7d181-779f-452b-9f47-6d45d0d4a69d.dat,noise,04b7d181-779f-452b-9f47-6d45d0d4a69d,000015,0
04d46ded-a2a6-45c0-9e4b-89f229718432.dat,narrowband,04d46ded-a2a6-45c0-9e4b-89f229718432,000016,1
0500fa55-5cf7-4aa6-aaad-fed637b8442a.dat,noise,0500fa55-5cf7-4aa6-aaad-fed637b8442a,000017,0
0511a98f-b542-4019-b851-9f1089b5f7b3.dat,squiggle,0511a98f-b542-4019-b851-9f1089b5f7b3,000018,3
0628e70d-da88-476e-a193-2ea4235fcdb1.dat,narrowband,0628e70d-da88-476e-a193-2ea4235fcdb1,000019,1
0639ad14-7dce-48e1-b945-4aa60bd47330.dat,squiggle,0639ad14-7dce-48e1-b945-4aa60bd47330,000020,3
0656fefd-7da3-4b48-8d6d-f62968861de6.dat,noise,0656fefd-7da3-4b48-8d6d-f62968861de6,000021,0
06c0bc18-39d6-44b4-a87d-25ca1033b04f.dat,narrowband,06c0bc18-39d6-44b4-a87d-25ca1033b04f,000022,1
06f20c3d-747e-41d0-bd47-eacb33643fc3.dat,squiggle,06f20c3d-747e-41d0-bd47-eacb33643fc3,000023,3
07a1a2a0-668d-459c-8922-f4d5c99de39e.dat,narrowbanddrd,07a1a2a0-668d-459c-8922-f4d5c99de39e,000024,2
07c59d15-c880-453b-8edd-b733ee7681c1.dat,narrowbanddrd,07c59d15-c880-453b-8edd-b733ee7681c1,000025,2
07e84f5e-0790-4e54-bdbb-5f009a8b9ea5.dat,squiggle,07e84f5e-0790-4e54-bdbb-5f009a8b9ea5,000026,3
0882f7e3-6c08-4765-a8f1-b2c67a6e10b8.dat,noise,0882f7e3-6c08-4765-a8f1-b2c67a6e10b8,000027,0
08bd4884-1967-45b3-ba1f-cabd3457acf3.dat,narrowbanddrd,08bd4884-1967-45b3-ba1f-cabd3457acf3,000028,2
090e2b5c-98d7-436a-b9b7-1123d928194b.dat,noise,090e2b5c-98d7-436a-b9b7-1123d928194b,000029,0
09210e2f-ef33-41e9-b2bf-0c195cace322.dat,noise,09210e2f-ef33-41e9-b2bf-0c195cace322,000030,0
095c2112-0b27-48dd-8a65-c0d7e9b43192.dat,squiggle,095c2112-0b27-48dd-8a65-c0d7e9b43192,000031,3
09852c8e-7d8c-472d-8286-39cb4d4d3204.dat,noise,09852c8e-7d8c-472d-8286-39cb4d4d3204,000032,0
09af7ee2-a14c-495d-9d4e-32bb77029d2c.dat,noise,09af7ee2-a14c-495d-9d4e-32bb77029d2c,000033,0
09c4250e-dd10-4b0f-b7ec-55498d26eebe.dat,squiggle,09c4250e-dd10-4b0f-b7ec-55498d26eebe,000034,3
0a10f19a-f964-497f-aa64-0529c4366b8e.dat,narrowband,0a10f19a-f964-497f-aa64-0529c4366b8e,000035,1
0a342080-d3af-4a6f-b1ce-0201bf52f848.dat,narrowband,0a342080-d3af-4a6f-b1ce-0201bf52f848,000036,1
0ad8d4e1-16cf-4127-a32d-0cffb580da08.dat,squiggle,0ad8d4e1-16cf-4127-a32d-0cffb580da08,000037,3
0b3f0bc6-48bf-4115-ad0a-f982cbcceb45.dat,narrowband,0b3f0bc6-48bf-4115-ad0a-f982cbcceb45,000038,1
0b47fd81-5d34-48ea-87e3-9fb4f7919145.dat,noise,0b47fd81-5d34-48ea-87e3-9fb4f7919145,000039,0
0b6705fd-34c7-4982-8e8a-1df556970120.dat,noise,0b6705fd-34c7-4982-8e8a-1df556970120,000040,0
0b70b933-8152-4a07-b91d-ba4f54c1063f.dat,squiggle,0b70b933-8152-4a07-b91d-ba4f54c1063f,000041,3
0b862b71-f6fd-44ef-b190-c33b2b665a61.dat,narrowbanddrd,0b862b71-f6fd-44ef-b190-c33b2b665a61,000042,2
0bcdd558-3783-4cb0-af35-79f87c016215.dat,narrowbanddrd,0bcdd558-3783-4cb0-af35-79f87c016215,000043,2
0c661dc7-b84b-4184-bde2-3702d17acef3.dat,noise,0c661dc7-b84b-4184-bde2-3702d17acef3,000044,0
0ce2db0a-9027-43a2-b8e2-93ccaa4efab6.dat,narrowbanddrd,0ce2db0a-9027-43a2-b8e2-93ccaa4efab6,000045,2
0cfcc9d9-e826-405e-9658-911790bc85c6.dat,narrowband,0cfcc9d9-e826-405e-9658-911790bc85c6,000046,1
0d342590-b94f-45b2-8314-907596c2f8e4.dat,narrowbanddrd,0d342590-b94f-45b2-8314-907596c2f8e4,000047,2
0d3f6e4d-68fb-4d3c-9008-f29516b4c84b.dat,narrowbanddrd,0d3f6e4d-68fb-4d3c-9008-f29516b4c84b,000048,2
0d723d70-8ebb-41ff-92aa-e86333c8bb26.dat,squiggle,0d723d70-8ebb-41ff-92aa-e86333c8bb26,000049,3
0ded8df9-c485-41a1-8cdd-36f701d454e1.dat,noise,0ded8df9-c485-41a1-8cdd-36f701d454e1,000050,0
0df3a2e7-ba0d-45db-9bd8-11abb5dba2c0.dat,narrowbanddrd,0df3a2e7-ba0d-45db-9bd8-11abb5dba2c0,000051,2
0e0387b6-d257-4342-a13e-3288bb27a886.dat,squiggle,0e0387b6-d257-4342-a13e-3288bb27a886,000052,3
0e10d830-1bc5-4b57-b256-ea2b77561807.dat,narrowbanddrd,0e10d830-1bc5-4b57-b256-ea2b77561807,000053,2
0e72d68b-2b7b-403a-96fe-5ba448ddc1b6.dat,narrowband,0e72d68b-2b7b-403a-96fe-5ba448ddc1b6,000054,1
0ec5f096-9d93-49e8-8ffe-db1ef37be54e.dat,narrowband,0ec5f096-9d93-49e8-8ffe-db1ef37be54e,000055,1
0f3769f9-cbbd-46a2-b600-67e3c6f12206.dat,noise,0f3769f9-cbbd-46a2-b600-67e3c6f12206,000056,0
0f41fdc5-9477-4b98-9758-c1b88f55e9e2.dat,squiggle,0f41fdc5-9477-4b98-9758-c1b88f55e9e2,000057,3
0f4b5ca6-5bf2-442a-81ad-0c0ee3b967f8.dat,squiggle,0f4b5ca6-5bf2-442a-81ad-0c0ee3b967f8,000058,3
0f937096-81f1-49c6-8066-a24078bb57c6.dat,squiggle,0f937096-81f1-49c6-8066-a24078bb57c6,000059,3
0fa0fc83-449d-4616-91de-dcc6f75267bd.dat,squiggle,0fa0fc83-449d-4616-91de-dcc6f75267bd,000060,3
0fc37635-8c1c-4806-aabc-b36048afe66c.dat,narrowbanddrd,0fc37635-8c1c-4806-aabc-b36048afe66c,000061,2
0fe07690-f746-4f07-8dc5-6184dab7bffd.dat,noise,0fe07690-f746-4f07-8dc5-6184dab7bffd,000062,0
10033aa4-a804-47c3-8650-cda1947696b6.dat,squiggle,10033aa4-a804-47c3-8650-cda1947696b6,000063,3
1073c9c3-acab-49dc-8f58-cf52b309ec75.dat,squiggle,1073c9c3-acab-49dc-8f58-cf52b309ec75,000064,3
10c6bc76-57cb-4428-a6f3-51842d1bee58.dat,narrowbanddrd,10c6bc76-57cb-4428-a6f3-51842d1bee58,000065,2
10f052d2-8688-40df-8c87-c61ac3fb453c.dat,narrowband,10f052d2-8688-40df-8c87-c61ac3fb453c,000066,1
113f75ff-015d-4424-a72d-ad6992f1607d.dat,noise,113f75ff-015d-4424-a72d-ad6992f1607d,000067,0
1148de6a-75f2-4692-85dd-d2452af10e31.dat,squiggle,1148de6a-75f2-4692-85dd-d2452af10e31,000068,3
117da786-52ea-4d53-bfc4-70d9c1a83daa.dat,noise,117da786-52ea-4d53-bfc4-70d9c1a83daa,000069,0
11c2abfc-973e-43b4-8f3f-29ed8d9b4ec2.dat,noise,11c2abfc-973e-43b4-8f3f-29ed8d9b4ec2,000070,0
11c74c5f-5696-4820-b559-d089d5e97cc4.dat,squiggle,11c74c5f-5696-4820-b559-d089d5e97cc4,000071,3
1203ea49-cc83-4953-86a9-008550f08f71.dat,narrowbanddrd,1203ea49-cc83-4953-86a9-008550f08f71,000072,2
12d8763d-f000-407b-96af-71eff80fa66d.dat,squiggle,12d8763d-f000-407b-96af-71eff80fa66d,000073,3
131df2bf-7679-491d-b4ad-4d5c964e45b2.dat,narrowband,131df2bf-7679-491d-b4ad-4d5c964e45b2,000074,1
13256716-a894-4460-b472-5154f67389fd.dat,squiggle,13256716-a894-4460-b472-5154f67389fd,000075,3
132b2973-5222-4467-bd4c-2902c2675669.dat,squiggle,132b2973-5222-4467-bd4c-2902c2675669,000076,3
133ae5fb-7ad4-4765-a037-20c2af752429.dat,noise,133ae5fb-7ad4-4765-a037-20c2af752429,000077,0
13544daf-45ae-499d-8fa9-5991cc9e2528.dat,squiggle,13544daf-45ae-499d-8fa9-5991cc9e2528,000078,3
136c3311-75ed-4cfa-8a4f-5d03ddfdd36b.dat,narrowbanddrd,136c3311-75ed-4cfa-8a4f-5d03ddfdd36b,000079,2
140fa406-db57-4ed7-873a-a86c78d9611a.dat,noise,140fa406-db57-4ed7-873a-a86c78d9611a,000080,0
146e2858-8cff-4cdd-9901-4c319b15ffc2.dat,narrowband,146e2858-8cff-4cdd-9901-4c319b15ffc2,000081,1
14855f0f-8a00-4278-9ae4-1a18bf49c398.dat,narrowbanddrd,14855f0f-8a00-4278-9ae4-1a18bf49c398,000082,2
14922185-58f6-4b67-a691-4336dd2e2906.dat,narrowband,14922185-58f6-4b67-a691-4336dd2e2906,000083,1
151a3cda-eccb-4a23-a09f-6b5888c5980c.dat,narrowband,151a3cda-eccb-4a23-a09f-6b5888c5980c,000084,1
1536124b-34d7-4e8f-84a6-fd54dc9b1d77.dat,narrowband,1536124b-34d7-4e8f-84a6-fd54dc9b1d77,000085,1
15368ef6-85d3-4cf2-9ca9-d1d2acafd008.dat,noise,15368ef6-85d3-4cf2-9ca9-d1d2acafd008,000086,0
15525202-2fad-4a40-aadb-dd0276e9d376.dat,narrowband,15525202-2fad-4a40-aadb-dd0276e9d376,000087,1
158cc4c7-f8b0-4ce6-9523-0a05a984cf5c.dat,narrowband,158cc4c7-f8b0-4ce6-9523-0a05a984cf5c,000088,1
158dd60f-4aeb-4260-85cc-a5b10d9c1f7f.dat,noise,158dd60f-4aeb-4260-85cc-a5b10d9c1f7f,000089,0
1651f627-4256-457e-b160-13f17bd6a357.dat,narrowbanddrd,1651f627-4256-457e-b160-13f17bd6a357,000090,2
16cfb6a6-525a-44b4-901c-0ad90066e50e.dat,squiggle,16cfb6a6-525a-44b4-901c-0ad90066e50e,000091,3
171faa84-87d0-4045-9956-5e2e135f23b8.dat,narrowband,171faa84-87d0-4045-9956-5e2e135f23b8,000092,1
182298d3-d5f0-4226-bde8-35305cf6835d.dat,noise,182298d3-d5f0-4226-bde8-35305cf6835d,000093,0
183e74eb-53e0-4e2c-ad08-a4b093913224.dat,narrowband,183e74eb-53e0-4e2c-ad08-a4b093913224,000094,1
18414d84-e15b-44f5-8a2c-6dbdfb6afe33.dat,squiggle,18414d84-e15b-44f5-8a2c-6dbdfb6afe33,000095,3
18a32769-bff5-4414-8645-360c76589727.dat,narrowbanddrd,18a32769-bff5-4414-8645-360c76589727,000096,2
18d5ee01-2aeb-40c1-8ffa-bc431bac9b4f.dat,noise,18d5ee01-2aeb-40c1-8ffa-bc431bac9b4f,000097,0
18d9e64f-0e82-45fd-aeac-c0c47255fdcd.dat,narrowbanddrd,18d9e64f-0e82-45fd-aeac-c0c47255fdcd,000098,2
196f5e0c-db02-43fd-86db-235065065760.dat,narrowbanddrd,196f5e0c-db02-43fd-86db-235065065760,000099,2
1aaf78c9-d47a-4ad0-b2d8-9a8ee3eb740b.dat,squiggle,1aaf78c9-d47a-4ad0-b2d8-9a8ee3eb740b,000100,3
1b147338-41cf-417f-ae85-de900968c6d9.dat,squiggle,1b147338-41cf-417f-ae85-de900968c6d9,000101,3
1b2754d7-ca14-4f9a-bc4a-3c0a9a781aaa.dat,narrowband,1b2754d7-ca14-4f9a-bc4a-3c0a9a781aaa,000102,1
1b5d001b-897b-4ed1-8a42-9dc649bd2fad.dat,narrowbanddrd,1b5d001b-897b-4ed1-8a42-9dc649bd2fad,000103,2
1bb98cef-5dd7-4976-9c02-574a184b4000.dat,noise,1bb98cef-5dd7-4976-9c02-574a184b4000,000104,0
1bc6b07b-9902-4edb-bd49-5790218b15f7.dat,narrowband,1bc6b07b-9902-4edb-bd49-5790218b15f7,000105,1
1c0d2ee9-2162-46e1-a318-a1265fc71fa1.dat,narrowband,1c0d2ee9-2162-46e1-a318-a1265fc71fa1,000106,1
1c0d97ed-3a9c-46db-a2e8-e0bd298eee22.dat,narrowband,1c0d97ed-3a9c-46db-a2e8-e0bd298eee22,000107,1
1c519feb-eff0-412f-ae3f-809947c8196b.dat,squiggle,1c519feb-eff0-412f-ae3f-809947c8196b,000108,3
1ccf6dac-9183-43ee-9e47-86fc862f8418.dat,squiggle,1ccf6dac-9183-43ee-9e47-86fc862f8418,000109,3
1d0640ac-b033-4a64-9c59-5ba193261b81.dat,squiggle,1d0640ac-b033-4a64-9c59-5ba193261b81,000110,3
1d0680e8-3ab1-4df7-b0ba-5a4403eedec3.dat,noise,1d0680e8-3ab1-4df7-b0ba-5a4403eedec3,000111,0
1d856044-20e9-4210-9bc5-c8f705161f90.dat,narrowband,1d856044-20e9-4210-9bc5-c8f705161f90,000112,1
1dca85f4-32fc-4560-8799-d53edaaaa7a8.dat,noise,1dca85f4-32fc-4560-8799-d53edaaaa7a8,000113,0
1de1b635-9170-4094-b4e9-918403453a51.dat,narrowbanddrd,1de1b635-9170-4094-b4e9-918403453a51,000114,2
1de59e2a-cd4f-46d5-957b-2b4856c58d38.dat,narrowbanddrd,1de59e2a-cd4f-46d5-957b-2b4856c58d38,000115,2
1e454b7e-b5c7-42ce-845b-699f0414ff97.dat,narrowbanddrd,1e454b7e-b5c7-42ce-845b-699f0414ff97,000116,2
1e88e5cb-e1f1-440b-a4f6-afc82237ba20.dat,squiggle,1e88e5cb-e1f1-440b-a4f6-afc82237ba20,000117,3
1ec26b25-b533-4a00-a69a-f5312c542ed5.dat,narrowband,1ec26b25-b533-4a00-a69a-f5312c542ed5,000118,1
1ed23493-3d71-4247-8e5e-9f2e3cc53ff5.dat,noise,1ed23493-3d71-4247-8e5e-9f2e3cc53ff5,000119,0
1f0acc7e-54bd-4fff-af3f-9a78e721b621.dat,narrowband,1f0acc7e-54bd-4fff-af3f-9a78e721b621,000120,1
1f0ece34-bdc7-400b-97e3-301bdb01f37a.dat,narrowband,1f0ece34-bdc7-400b-97e3-301bdb01f37a,000121,1
1f2262ae-b1ee-4b0a-b847-e6f0f70c2dd8.dat,narrowbanddrd,1f2262ae-b1ee-4b0a-b847-e6f0f70c2dd8,000122,2
1f4f5fdd-f115-4e6a-97b8-d43eff529b05.dat,narrowband,1f4f5fdd-f115-4e6a-97b8-d43eff529b05,000123,1
1f52e48a-a626-4872-a052-062e52b13bd9.dat,narrowbanddrd,1f52e48a-a626-4872-a052-062e52b13bd9,000124,2
1f657641-dbed-4146-84d0-d22b03a8510d.dat,narrowband,1f657641-dbed-4146-84d0-d22b03a8510d,000125,1
1f6ab4c3-04dc-4ad4-8997-960473249f87.dat,noise,1f6ab4c3-04dc-4ad4-8997-960473249f87,000126,0
1f910d0b-739b-4cec-a1eb-89d84ac96a64.dat,narrowband,1f910d0b-739b-4cec-a1eb-89d84ac96a64,000127,1
1ff8b931-6be2-4788-9012-48cd3934b944.dat,narrowband,1ff8b931-6be2-4788-9012-48cd3934b944,000128,1
2012387e-768c-46f6-804c-437f2f430f45.dat,narrowbanddrd,2012387e-768c-46f6-804c-437f2f430f45,000129,2
21577f4b-0e44-4eea-886d-5445f99fddeb.dat,noise,21577f4b-0e44-4eea-886d-5445f99fddeb,000130,0
219b5481-6509-45ae-87e0-9fe4790b1764.dat,squiggle,219b5481-6509-45ae-87e0-9fe4790b1764,000131,3
2215ee29-a025-406d-8550-f300ca993b7c.dat,narrowband,2215ee29-a025-406d-8550-f300ca993b7c,000132,1
225df093-6bdb-400b-95d3-fab7e6a8d3d0.dat,narrowband,225df093-6bdb-400b-95d3-fab7e6a8d3d0,000133,1
2269e9e7-6a07-4b38-ab55-286af466f321.dat,narrowbanddrd,2269e9e7-6a07-4b38-ab55-286af466f321,000134,2
226d9059-f37c-4d78-965b-a193d65ac330.dat,narrowbanddrd,226d9059-f37c-4d78-965b-a193d65ac330,000135,2
22b7be7a-5f08-4de5-80bb-e08d80df189c.dat,narrowbanddrd,22b7be7a-5f08-4de5-80bb-e08d80df189c,000136,2
22d4e985-b9bb-4f57-b9bc-ccffb1135828.dat,narrowbanddrd,22d4e985-b9bb-4f57-b9bc-ccffb1135828,000137,2
2359f3cd-4f86-499f-bc90-be295dedaf3e.dat,narrowbanddrd,2359f3cd-4f86-499f-bc90-be295dedaf3e,000138,2
235a9d42-b76d-41b3-b1d8-1f0297c44a5c.dat,narrowband,235a9d42-b76d-41b3-b1d8-1f0297c44a5c,000139,1
23acc3fa-6cd9-4e48-be2d-ef4ecaf4b58c.dat,squiggle,23acc3fa-6cd9-4e48-be2d-ef4ecaf4b58c,000140,3
241f5325-4a38-42b4-be78-38f62cd9c317.dat,narrowbanddrd,241f5325-4a38-42b4-be78-38f62cd9c317,000141,2
246f9d3f-cf0e-4f8c-a983-84d8b683d37d.dat,squiggle,246f9d3f-cf0e-4f8c-a983-84d8b683d37d,000142,3
24821d51-d8da-42da-8f1d-b0a3c66abfed.dat,squiggle,24821d51-d8da-42da-8f1d-b0a3c66abfed,000143,3
24bcc768-44ac-47b9-b966-2f39538b1957.dat,narrowband,24bcc768-44ac-47b9-b966-2f39538b1957,000144,1
25287390-2ae4-400c-8d47-a3564a844773.dat,squiggle,25287390-2ae4-400c-8d47-a3564a844773,000145,3
258e89c3-ce6c-42e4-b315-bcfee5293c70.dat,squiggle,258e89c3-ce6c-42e4-b315-bcfee5293c70,000146,3
25fdd7e9-b3c0-4452-b174-66a171590476.dat,narrowbanddrd,25fdd7e9-b3c0-4452-b174-66a171590476,000147,2
260d4659-20a4-4c05-a888-99e2915c497e.dat,narrowband,260d4659-20a4-4c05-a888-99e2915c497e,000148,1
26dc6fd0-3fcc-4a46-9067-fd8abe170b6a.dat,narrowbanddrd,26dc6fd0-3fcc-4a46-9067-fd8abe170b6a,000149,2
27206c40-ac27-4337-82c2-3d426912a734.dat,squiggle,27206c40-ac27-4337-82c2-3d426912a734,000150,3
27768969-0e1f-4e28-b94b-aa00967edf73.dat,narrowbanddrd,27768969-0e1f-4e28-b94b-aa00967edf73,000151,2
2797542e-fbd6-429a-901e-17518f44653e.dat,noise,2797542e-fbd6-429a-901e-17518f44653e,000152,0
281fce24-36d8-425b-b750-3f09b3b9c948.dat,noise,281fce24-36d8-425b-b750-3f09b3b9c948,000153,0
289637f8-1641-46d8-b177-390f584c7807.dat,narrowband,289637f8-1641-46d8-b177-390f584c7807,000154,1
28aab597-1451-4ce8-b4e8-3d1d20f8fe53.dat,narrowband,28aab597-1451-4ce8-b4e8-3d1d20f8fe53,000155,1
28ee631b-145b-4de2-b468-1a7fa00d7320.dat,noise,28ee631b-145b-4de2-b468-1a7fa00d7320,000156,0
29157034-5eb8-42ec-bb51-4007f7a08340.dat,squiggle,29157034-5eb8-42ec-bb51-4007f7a08340,000157,3
292f05e5-6283-47b9-9ea2-ba0cbe0c3073.dat,noise,292f05e5-6283-47b9-9ea2-ba0cbe0c3073,000158,0
296f9a49-b6aa-4e8d-87d1-33ee180e5e20.dat,noise,296f9a49-b6aa-4e8d-87d1-33ee180e5e20,000159,0
29770228-9bab-4835-aecc-af21add3b54f.dat,narrowbanddrd,29770228-9bab-4835-aecc-af21add3b54f,000160,2
29851b97-7666-4df6-923e-014f012c8d20.dat,narrowbanddrd,29851b97-7666-4df6-923e-014f012c8d20,000161,2
299b0935-a9e0-4a81-bd7b-cccdd831388f.dat,narrowbanddrd,299b0935-a9e0-4a81-bd7b-cccdd831388f,000162,2
29f64268-ba6a-4810-b507-92be7dc893b5.dat,noise,29f64268-ba6a-4810-b507-92be7dc893b5,000163,0
2a09b98d-3eba-4a5b-9777-bcafb6034444.dat,noise,2a09b98d-3eba-4a5b-9777-bcafb6034444,000164,0
2a2f1068-d166-4e30-82d2-1048ac5ae300.dat,squiggle,2a2f1068-d166-4e30-82d2-1048ac5ae300,000165,3
2b214db8-d4d3-4ce7-9c33-fd9228caa1b9.dat,narrowbanddrd,2b214db8-d4d3-4ce7-9c33-fd9228caa1b9,000166,2
2b2a276e-5e02-4c09-9a5c-13aa2f59bfe4.dat,narrowband,2b2a276e-5e02-4c09-9a5c-13aa2f59bfe4,000167,1
2b46a39d-24f1-4d64-bd84-3803ebc6861c.dat,narrowbanddrd,2b46a39d-24f1-4d64-bd84-3803ebc6861c,000168,2
2b5c7dea-bad4-48a9-8c7b-7f6e837111ba.dat,noise,2b5c7dea-bad4-48a9-8c7b-7f6e837111ba,000169,0
2b7a5ef4-a9c4-4980-9d03-e4f225c03060.dat,narrowbanddrd,2b7a5ef4-a9c4-4980-9d03-e4f225c03060,000170,2
2baaa463-e5fe-46e2-afe4-96f53e1e4aea.dat,noise,2baaa463-e5fe-46e2-afe4-96f53e1e4aea,000171,0
2be6a69e-27c0-4a05-aa1e-4a74418eabd5.dat,noise,2be6a69e-27c0-4a05-aa1e-4a74418eabd5,000172,0
2c0da1ae-bafd-42ff-8571-c72b63076ff9.dat,squiggle,2c0da1ae-bafd-42ff-8571-c72b63076ff9,000173,3
2c31a7ac-c68f-4f54-88d6-e96cdd0152ab.dat,noise,2c31a7ac-c68f-4f54-88d6-e96cdd0152ab,000174,0
2c6abaec-17d4-48a3-899e-58fe10eee9d5.dat,narrowband,2c6abaec-17d4-48a3-899e-58fe10eee9d5,000175,1
2ccb0954-d919-4a15-9142-8d49b9775b68.dat,narrowband,2ccb0954-d919-4a15-9142-8d49b9775b68,000176,1
2d405cd3-728e-4f77-9da2-98de463474df.dat,narrowbanddrd,2d405cd3-728e-4f77-9da2-98de463474df,000177,2
2d6d5451-bb6a-4ba1-be78-e17195295aa8.dat,narrowbanddrd,2d6d5451-bb6a-4ba1-be78-e17195295aa8,000178,2
2d96e36c-b5f6-4684-9e88-3b214e696a05.dat,narrowband,2d96e36c-b5f6-4684-9e88-3b214e696a05,000179,1
2de4f4f9-0958-4b23-bcac-7273225efa0e.dat,noise,2de4f4f9-0958-4b23-bcac-7273225efa0e,000180,0
2e5ade21-151d-4db8-ae1c-f33e64c55bd3.dat,narrowband,2e5ade21-151d-4db8-ae1c-f33e64c55bd3,000181,1
2e7e601f-1b0a-4704-af05-9b796939d267.dat,noise,2e7e601f-1b0a-4704-af05-9b796939d267,000182,0
2e9ae76d-6d8b-4b8f-b818-9429525ccae5.dat,narrowband,2e9ae76d-6d8b-4b8f-b818-9429525ccae5,000183,1
2ede338c-64e5-462a-a936-116461aae6be.dat,narrowbanddrd,2ede338c-64e5-462a-a936-116461aae6be,000184,2
2f1d800d-9510-4845-a37e-3324460e2bda.dat,narrowbanddrd,2f1d800d-9510-4845-a37e-3324460e2bda,000185,2
2f26b20e-6d2a-4d77-8bdf-93cec590c65b.dat,squiggle,2f26b20e-6d2a-4d77-8bdf-93cec590c65b,000186,3
2f353900-e2f8-4724-8dff-b9d1251df1bf.dat,squiggle,2f353900-e2f8-4724-8dff-b9d1251df1bf,000187,3
2f87a674-c73c-4a37-bc8c-eb814aca0f09.dat,narrowband,2f87a674-c73c-4a37-bc8c-eb814aca0f09,000188,1
2fb70dd1-04fd-435a-9a12-0bd0d7066cd4.dat,squiggle,2fb70dd1-04fd-435a-9a12-0bd0d7066cd4,000189,3
2fbd1857-9f19-4a76-a960-2c66e065b1eb.dat,squiggle,2fbd1857-9f19-4a76-a960-2c66e065b1eb,000190,3
2ff8d71b-a943-4546-b64f-453ef3c63f53.dat,narrowband,2ff8d71b-a943-4546-b64f-453ef3c63f53,000191,1
3098de03-b7e9-467a-852c-fe101ccde734.dat,noise,3098de03-b7e9-467a-852c-fe101ccde734,000192,0
30a4b33d-2d82-4d4f-abe4-2d2e7f887e5b.dat,narrowbanddrd,30a4b33d-2d82-4d4f-abe4-2d2e7f887e5b,000193,2
3118bcd9-2cec-405f-bfdc-85e119090bf7.dat,squiggle,3118bcd9-2cec-405f-bfdc-85e119090bf7,000194,3
3133c866-1902-4632-ae01-a815a10a3bed.dat,squiggle,3133c866-1902-4632-ae01-a815a10a3bed,000195,3
31360dea-39a0-44d1-81d2-805b144f1dff.dat,noise,31360dea-39a0-44d1-81d2-805b144f1dff,000196,0
3150a9e3-d8b5-4e9d-91e1-b15be3d12139.dat,narrowband,3150a9e3-d8b5-4e9d-91e1-b15be3d12139,000197,1
31aac2d8-c909-4156-a394-bdaf0476588e.dat,narrowbanddrd,31aac2d8-c909-4156-a394-bdaf0476588e,000198,2
320bf337-806f-43b4-962f-8bb56826c84e.dat,narrowband,320bf337-806f-43b4-962f-8bb56826c84e,000199,1
3232e3d7-05ce-4c24-8a42-24475a5cc46a.dat,narrowbanddrd,3232e3d7-05ce-4c24-8a42-24475a5cc46a,000200,2
323620fa-44a8-4557-9ccc-c26fe077d560.dat,noise,323620fa-44a8-4557-9ccc-c26fe077d560,000201,0
327cd09c-4404-44bf-a1eb-02ab786bcc1f.dat,narrowbanddrd,327cd09c-4404-44bf-a1eb-02ab786bcc1f,000202,2
333d7a81-342b-467a-9284-015dfe52b9f4.dat,squiggle,333d7a81-342b-467a-9284-015dfe52b9f4,000203,3
33a7e08e-093b-4652-8b36-cfb4504a88fb.dat,narrowband,33a7e08e-093b-4652-8b36-cfb4504a88fb,000204,1
33b6c8af-a2a6-475a-b4b9-b2e9d13f5236.dat,narrowband,33b6c8af-a2a6-475a-b4b9-b2e9d13f5236,000205,1
33ef28b7-28b3-49d3-b2fd-89afee04c9e9.dat,noise,33ef28b7-28b3-49d3-b2fd-89afee04c9e9,000206,0
342b3244-8f9a-4914-a1d1-330225c84282.dat,narrowband,342b3244-8f9a-4914-a1d1-330225c84282,000207,1
342de276-85e5-4cef-be7a-b3c1818ad680.dat,squiggle,342de276-85e5-4cef-be7a-b3c1818ad680,000208,3
344d8cbe-ea37-4f90-8191-052403bc25c2.dat,squiggle,344d8cbe-ea37-4f90-8191-052403bc25c2,000209,3
345855f5-3f1f-4aef-afd9-cdfbf4f8e6f2.dat,narrowband,345855f5-3f1f-4aef-afd9-cdfbf4f8e6f2,000210,1
34597f07-04c6-472e-913c-23f402b61251.dat,narrowband,34597f07-04c6-472e-913c-23f402b61251,000211,1
3462fd71-05ab-4456-a84f-a13e73077186.dat,narrowbanddrd,3462fd71-05ab-4456-a84f-a13e73077186,000212,2
34c321e9-aec9-4b92-b10c-245240b886e4.dat,squiggle,34c321e9-aec9-4b92-b10c-245240b886e4,000213,3
34f10d76-aa26-4bc3-913e-0766721a7038.dat,noise,34f10d76-aa26-4bc3-913e-0766721a7038,000214,0
34f8e4b1-3aed-4c39-b35f-644bf385f635.dat,narrowband,34f8e4b1-3aed-4c39-b35f-644bf385f635,000215,1
35fd1cfa-79c7-46b5-9cb2-c52225e9490c.dat,squiggle,35fd1cfa-79c7-46b5-9cb2-c52225e9490c,000216,3
36274cdf-d042-4f04-bcdd-5d3d9b17a90c.dat,squiggle,36274cdf-d042-4f04-bcdd-5d3d9b17a90c,000217,3
366eceab-ad45-46f3-b2be-f950daf2a137.dat,narrowband,366eceab-ad45-46f3-b2be-f950daf2a137,000218,1
36ae9cbc-069c-41a9-a00c-dbe82a2caa87.dat,narrowbanddrd,36ae9cbc-069c-41a9-a00c-dbe82a2caa87,000219,2
3708847b-d3a7-4979-9f55-88bd3fc0fa7d.dat,squiggle,3708847b-d3a7-4979-9f55-88bd3fc0fa7d,000220,3
374f059e-9186-4308-a792-5b3ca9624b20.dat,squiggle,374f059e-9186-4308-a792-5b3ca9624b20,000221,3
3797a8fb-d9e7-485b-a625-045bdea4e869.dat,squiggle,3797a8fb-d9e7-485b-a625-045bdea4e869,000222,3
37f1bc46-bd56-4a25-baf7-c7717e826373.dat,narrowband,37f1bc46-bd56-4a25-baf7-c7717e826373,000223,1
3853f4a3-b111-41a4-a0b9-50be72655f72.dat,narrowband,3853f4a3-b111-41a4-a0b9-50be72655f72,000224,1
3886ba3d-94f0-41c7-bc37-9f8073e500b3.dat,squiggle,3886ba3d-94f0-41c7-bc37-9f8073e500b3,000225,3
38960ecf-ff7c-4b7f-955f-4e70520d6e15.dat,narrowbanddrd,38960ecf-ff7c-4b7f-955f-4e70520d6e15,000226,2
38bed9c1-d90d-48a8-8864-a2d19752e8e4.dat,narrowbanddrd,38bed9c1-d90d-48a8-8864-a2d19752e8e4,000227,2
38c1830c-8fc7-42ae-aa05-499ba85d9de7.dat,narrowbanddrd,38c1830c-8fc7-42ae-aa05-499ba85d9de7,000228,2
39060ac3-548a-451f-83b3-5d3726ca1703.dat,noise,39060ac3-548a-451f-83b3-5d3726ca1703,000229,0
39188c7b-adcc-4247-8c29-a19b54f0b3d6.dat,noise,39188c7b-adcc-4247-8c29-a19b54f0b3d6,000230,0
392ee524-9a49-4a29-9d72-eaad2ce48250.dat,squiggle,392ee524-9a49-4a29-9d72-eaad2ce48250,000231,3
395fb53d-5c60-4e9f-a974-e4576497dd83.dat,narrowband,395fb53d-5c60-4e9f-a974-e4576497dd83,000232,1
3983fb5c-ee90-4883-8767-c8135c1709c2.dat,narrowbanddrd,3983fb5c-ee90-4883-8767-c8135c1709c2,000233,2
399f1605-0de8-4797-addf-2785178fc5a7.dat,narrowbanddrd,399f1605-0de8-4797-addf-2785178fc5a7,000234,2
39cd95d8-4591-427f-9fbd-25ef5578658c.dat,squiggle,39cd95d8-4591-427f-9fbd-25ef5578658c,000235,3
39e5c787-2dcf-4b79-a9a1-052e2b0bb607.dat,narrowband,39e5c787-2dcf-4b79-a9a1-052e2b0bb607,000236,1
3a2bd111-a68a-49ab-ac44-f6a02e17201e.dat,narrowband,3a2bd111-a68a-49ab-ac44-f6a02e17201e,000237,1
3a31d118-42d9-47ed-9d6a-ee11d28da372.dat,squiggle,3a31d118-42d9-47ed-9d6a-ee11d28da372,000238,3
3a48c7fc-86e2-426d-ac74-577bde31fe09.dat,squiggle,3a48c7fc-86e2-426d-ac74-577bde31fe09,000239,3
3a74dd32-ff71-498e-8aea-8a556be90f3e.dat,narrowband,3a74dd32-ff71-498e-8aea-8a556be90f3e,000240,1
3ac2bc6d-0f46-4204-90e9-778fd64df56d.dat,squiggle,3ac2bc6d-0f46-4204-90e9-778fd64df56d,000241,3
3ba1f799-7a49-41bd-a9b4-f25777bda2c3.dat,squiggle,3ba1f799-7a49-41bd-a9b4-f25777bda2c3,000242,3
3c7a75cb-0fa8-4da4-91db-caddf7a9ce4c.dat,narrowbanddrd,3c7a75cb-0fa8-4da4-91db-caddf7a9ce4c,000243,2
3cac3231-3054-4eb5-b57f-902edb6f87fa.dat,squiggle,3cac3231-3054-4eb5-b57f-902edb6f87fa,000244,3
3cbb0a1a-587c-49d0-a4bd-730aed1e3b58.dat,squiggle,3cbb0a1a-587c-49d0-a4bd-730aed1e3b58,000245,3
3d51fc3e-5207-4ea4-a4fa-9b9cea73d0a6.dat,narrowband,3d51fc3e-5207-4ea4-a4fa-9b9cea73d0a6,000246,1
3e71c448-2bd4-4cda-96b0-b75daa043c6b.dat,narrowbanddrd,3e71c448-2bd4-4cda-96b0-b75daa043c6b,000247,2
3e749b85-cfe6-40e1-b6c4-87c494a2bca3.dat,narrowband,3e749b85-cfe6-40e1-b6c4-87c494a2bca3,000248,1
3e889ce4-2aeb-4eba-acaa-6a38632505b7.dat,narrowband,3e889ce4-2aeb-4eba-acaa-6a38632505b7,000249,1
3eba2731-2726-4cba-a56e-50fa29415e4d.dat,narrowbanddrd,3eba2731-2726-4cba-a56e-50fa29415e4d,000250,2
3ee17a53-8db0-40d2-bec4-4d6bfbb68915.dat,narrowband,3ee17a53-8db0-40d2-bec4-4d6bfbb68915,000251,1
3eefb8f6-81dc-4436-98b2-e644d84252c6.dat,noise,3eefb8f6-81dc-4436-98b2-e644d84252c6,000252,0
3f4143c8-22b4-4da6-9359-4e6dcbe81f10.dat,narrowband,3f4143c8-22b4-4da6-9359-4e6dcbe81f10,000253,1
3f5c7b78-e2bb-4464-90a0-5110c600cf80.dat,noise,3f5c7b78-e2bb-4464-90a0-5110c600cf80,000254,0
3f6cd34c-9bb1-4370-bdb2-a1dac95d582b.dat,narrowband,3f6cd34c-9bb1-4370-bdb2-a1dac95d582b,000255,1
3fc0f812-6978-4757-9df3-cf23fd1ce949.dat,squiggle,3fc0f812-6978-4757-9df3-cf23fd1ce949,000256,3
3ff12f12-9bd5-47fb-9ea6-947d1e49893b.dat,narrowband,3ff12f12-9bd5-47fb-9ea6-947d1e49893b,000257,1
40314dac-94fc-42dc-ab00-4a0c9ac77e83.dat,narrowband,40314dac-94fc-42dc-ab00-4a0c9ac77e83,000258,1
40642749-ec05-448a-80ef-7b0fe2dcb290.dat,squiggle,40642749-ec05-448a-80ef-7b0fe2dcb290,000259,3
407a2916-b4ef-4d1b-9383-bf0e4da11607.dat,noise,407a2916-b4ef-4d1b-9383-bf0e4da11607,000260,0
4081a47e-eec1-46ab-bafd-4b97cba75b08.dat,narrowband,4081a47e-eec1-46ab-bafd-4b97cba75b08,000261,1
411e5559-6758-444e-bdc3-3942b23b26bc.dat,narrowbanddrd,411e5559-6758-444e-bdc3-3942b23b26bc,000262,2
416a3013-ac83-4e70-af0d-33061d50a39b.dat,noise,416a3013-ac83-4e70-af0d-33061d50a39b,000263,0
41986173-394b-456c-862c-70c4932cbce5.dat,narrowbanddrd,41986173-394b-456c-862c-70c4932cbce5,000264,2
41d01aec-3413-4954-b62e-931ae1a9a039.dat,narrowband,41d01aec-3413-4954-b62e-931ae1a9a039,000265,1
41fb414d-8424-4786-a3a2-f42dc93f7fdb.dat,narrowbanddrd,41fb414d-8424-4786-a3a2-f42dc93f7fdb,000266,2
4206b17c-3748-460a-b4af-eaa87cc4399d.dat,noise,4206b17c-3748-460a-b4af-eaa87cc4399d,000267,0
42145534-1b2c-4026-a390-b711c741b132.dat,squiggle,42145534-1b2c-4026-a390-b711c741b132,000268,3
421c963b-8cd2-420e-bfe2-598af807ae9e.dat,noise,421c963b-8cd2-420e-bfe2-598af807ae9e,000269,0
423f3259-7d97-4abb-ad87-780dd5700f02.dat,squiggle,423f3259-7d97-4abb-ad87-780dd5700f02,000270,3
4262d19f-4b3c-494f-ad4c-474ca6db1e11.dat,squiggle,4262d19f-4b3c-494f-ad4c-474ca6db1e11,000271,3
429bb0e9-6924-49a4-985f-65e6bead6d7f.dat,noise,429bb0e9-6924-49a4-985f-65e6bead6d7f,000272,0
42ada9b6-8dd5-4efe-a1a5-924a23460fe3.dat,squiggle,42ada9b6-8dd5-4efe-a1a5-924a23460fe3,000273,3
4307656d-b2b9-4e20-9260-07e6b8d610e8.dat,narrowbanddrd,4307656d-b2b9-4e20-9260-07e6b8d610e8,000274,2
433bd23b-54b5-443b-8383-7233f3f3df68.dat,squiggle,433bd23b-54b5-443b-8383-7233f3f3df68,000275,3
43a7712f-b015-4c92-a1a5-69a56fcb2c94.dat,narrowbanddrd,43a7712f-b015-4c92-a1a5-69a56fcb2c94,000276,2
4479ffe7-e3b6-4938-a985-511ff2894b0b.dat,narrowbanddrd,4479ffe7-e3b6-4938-a985-511ff2894b0b,000277,2
447b189b-7edd-4319-901b-2ffc54e8e55d.dat,squiggle,447b189b-7edd-4319-901b-2ffc54e8e55d,000278,3
454975e7-980d-4b68-87ab-6fbe535a88ed.dat,narrowbanddrd,454975e7-980d-4b68-87ab-6fbe535a88ed,000279,2
45a9759c-1e72-4fef-8481-08290a3e3944.dat,narrowband,45a9759c-1e72-4fef-8481-08290a3e3944,000280,1
45e788d3-c211-4bd9-b870-d07f07c180fb.dat,narrowbanddrd,45e788d3-c211-4bd9-b870-d07f07c180fb,000281,2
4622960c-6839-4260-a5a5-cac8dad46b45.dat,noise,4622960c-6839-4260-a5a5-cac8dad46b45,000282,0
462f605a-b74f-4af4-af0c-93c64b4f63da.dat,narrowband,462f605a-b74f-4af4-af0c-93c64b4f63da,000283,1
468364e5-6e68-4ded-9b69-423b7447ffdb.dat,narrowbanddrd,468364e5-6e68-4ded-9b69-423b7447ffdb,000284,2
46a88faf-5790-4a4d-9072-528e9c820fcc.dat,squiggle,46a88faf-5790-4a4d-9072-528e9c820fcc,000285,3
46de224c-540f-4b59-8498-4d9d7f6b1cb5.dat,narrowbanddrd,46de224c-540f-4b59-8498-4d9d7f6b1cb5,000286,2
4763cee1-cd71-4e69-ac41-770b6f0960ab.dat,narrowband,4763cee1-cd71-4e69-ac41-770b6f0960ab,000287,1
485a536d-d47c-49d2-9734-17f6e2b22776.dat,squiggle,485a536d-d47c-49d2-9734-17f6e2b22776,000288,3
488144a6-2ac9-40ad-a48b-3b635adb9775.dat,narrowbanddrd,488144a6-2ac9-40ad-a48b-3b635adb9775,000289,2
492fa5b6-7f25-4257-baeb-d71af948ec89.dat,narrowbanddrd,492fa5b6-7f25-4257-baeb-d71af948ec89,000290,2
493cd4cc-6c14-4b2d-a96f-39e4d2ccc230.dat,noise,493cd4cc-6c14-4b2d-a96f-39e4d2ccc230,000291,0
497add51-aac8-4797-9021-dd2a8d1b4a78.dat,noise,497add51-aac8-4797-9021-dd2a8d1b4a78,000292,0
49b10962-cd05-40b6-90c8-a51e98c39a2d.dat,narrowband,49b10962-cd05-40b6-90c8-a51e98c39a2d,000293,1
49da0556-84ec-4aff-bf43-1e52be3cf0d4.dat,narrowband,49da0556-84ec-4aff-bf43-1e52be3cf0d4,000294,1
49f82a77-7e7d-40c8-bbd4-05a4e59af3ae.dat,narrowbanddrd,49f82a77-7e7d-40c8-bbd4-05a4e59af3ae,000295,2
49fcbc86-bb4e-4d2e-bd2a-207c59470716.dat,squiggle,49fcbc86-bb4e-4d2e-bd2a-207c59470716,000296,3
4a39cdb8-50cc-405d-8815-4575f26952f9.dat,squiggle,4a39cdb8-50cc-405d-8815-4575f26952f9,000297,3
4a40c65e-860a-43af-898c-39a93bee12d6.dat,narrowbanddrd,4a40c65e-860a-43af-898c-39a93bee12d6,000298,2
4aa96ba2-3339-4af6-a9cf-a654db4f2d76.dat,noise,4aa96ba2-3339-4af6-a9cf-a654db4f2d76,000299,0
4af27c68-1df6-4353-afc8-91ad97756ee8.dat,narrowbanddrd,4af27c68-1df6-4353-afc8-91ad97756ee8,000300,2
4af9868b-416c-4c9b-a136-9cc420515c05.dat,noise,4af9868b-416c-4c9b-a136-9cc420515c05,000301,0
4b72aa44-88f8-4f09-b179-cc0f81c957cd.dat,noise,4b72aa44-88f8-4f09-b179-cc0f81c957cd,000302,0
4bac39a3-14a1-4b7a-9a0e-81927580ecbf.dat,squiggle,4bac39a3-14a1-4b7a-9a0e-81927580ecbf,000303,3
4bb96f81-c6c5-4b15-a121-dc1be562adad.dat,squiggle,4bb96f81-c6c5-4b15-a121-dc1be562adad,000304,3
4bbe37ae-9b5e-46ff-a520-b8d7ccc5e1e3.dat,squiggle,4bbe37ae-9b5e-46ff-a520-b8d7ccc5e1e3,000305,3
4bcf0d86-1173-4b88-a580-9240ebf154ed.dat,narrowband,4bcf0d86-1173-4b88-a580-9240ebf154ed,000306,1
4bda1eb0-1043-4f42-80a0-92eaaa9f6ff0.dat,squiggle,4bda1eb0-1043-4f42-80a0-92eaaa9f6ff0,000307,3
4bdd40a8-e397-4905-bdf0-f9f88dab02aa.dat,noise,4bdd40a8-e397-4905-bdf0-f9f88dab02aa,000308,0
4c0f0c8f-2217-4d33-a426-ac16ecd9d7c4.dat,squiggle,4c0f0c8f-2217-4d33-a426-ac16ecd9d7c4,000309,3
4c5afa52-73ef-4852-888e-eec5405fe551.dat,narrowband,4c5afa52-73ef-4852-888e-eec5405fe551,000310,1
4c865b20-3bd9-4f1d-b2aa-794e14c8c61a.dat,noise,4c865b20-3bd9-4f1d-b2aa-794e14c8c61a,000311,0
4c99cc00-d538-49eb-bd29-d432f721ba50.dat,narrowbanddrd,4c99cc00-d538-49eb-bd29-d432f721ba50,000312,2
4caf328d-73a8-49c6-8cb7-23edc351edcb.dat,noise,4caf328d-73a8-49c6-8cb7-23edc351edcb,000313,0
4ceefebc-4561-4902-8532-60dfbb4f302a.dat,narrowband,4ceefebc-4561-4902-8532-60dfbb4f302a,000314,1
4d4505ae-67f0-4f48-a55c-9091907db428.dat,squiggle,4d4505ae-67f0-4f48-a55c-9091907db428,000315,3
4d8dd0e1-d187-4d7a-95fd-0650f6ffa8bf.dat,narrowband,4d8dd0e1-d187-4d7a-95fd-0650f6ffa8bf,000316,1
4de60bcd-9870-41c5-acea-e5180301d8f1.dat,squiggle,4de60bcd-9870-41c5-acea-e5180301d8f1,000317,3
4ded3b0f-d52d-4cb4-ba0d-d19d0931da36.dat,noise,4ded3b0f-d52d-4cb4-ba0d-d19d0931da36,000318,0
4e3a2000-4c18-4d50-bfa0-ba4844c8df24.dat,narrowbanddrd,4e3a2000-4c18-4d50-bfa0-ba4844c8df24,000319,2
4f08e8aa-9846-4a52-a94c-7f54ccc41a54.dat,narrowbanddrd,4f08e8aa-9846-4a52-a94c-7f54ccc41a54,000320,2
4f0eb04b-24f2-4145-9970-2db79acc162e.dat,noise,4f0eb04b-24f2-4145-9970-2db79acc162e,000321,0
4f1ba022-c461-419d-b38c-3c270ca856fc.dat,noise,4f1ba022-c461-419d-b38c-3c270ca856fc,000322,0
4f37f3af-281d-4e6e-ac50-71720cc17bed.dat,narrowbanddrd,4f37f3af-281d-4e6e-ac50-71720cc17bed,000323,2
4f498f73-8d31-45ce-a55d-8350fbd524ec.dat,narrowbanddrd,4f498f73-8d31-45ce-a55d-8350fbd524ec,000324,2
505f674e-7add-4449-bcb6-7d4e9fd2a509.dat,narrowbanddrd,505f674e-7add-4449-bcb6-7d4e9fd2a509,000325,2
50b04e16-a1b0-4e1f-bbb5-e558449665cb.dat,noise,50b04e16-a1b0-4e1f-bbb5-e558449665cb,000326,0
50e20a05-e93a-457c-9793-8293a1085e9a.dat,squiggle,50e20a05-e93a-457c-9793-8293a1085e9a,000327,3
519d74d7-fba9-446b-b596-47fce7a99e84.dat,narrowband,519d74d7-fba9-446b-b596-47fce7a99e84,000328,1
520837f1-c0a0-4d25-a385-2f213df8c49c.dat,noise,520837f1-c0a0-4d25-a385-2f213df8c49c,000329,0
52fc85f0-8c20-4c5f-9217-c10c2cbf9b1a.dat,squiggle,52fc85f0-8c20-4c5f-9217-c10c2cbf9b1a,000330,3
53d3a40a-92fb-47bc-8bad-ff2fdf734e26.dat,squiggle,53d3a40a-92fb-47bc-8bad-ff2fdf734e26,000331,3
5422dd28-a494-4feb-bde9-64484f896c85.dat,squiggle,5422dd28-a494-4feb-bde9-64484f896c85,000332,3
542610da-b3db-4f35-ac4d-47751e8aa2b8.dat,noise,542610da-b3db-4f35-ac4d-47751e8aa2b8,000333,0
54569588-4a33-47a7-8c39-7ba965f1e9a6.dat,noise,54569588-4a33-47a7-8c39-7ba965f1e9a6,000334,0
5459687e-47af-4d5b-9f7f-b4ae997a6293.dat,squiggle,5459687e-47af-4d5b-9f7f-b4ae997a6293,000335,3
54ebd55f-3f95-4fdc-b70d-c0713c376a9c.dat,narrowbanddrd,54ebd55f-3f95-4fdc-b70d-c0713c376a9c,000336,2
554d5e71-b585-42ef-8ab3-cd29ee4ad1b6.dat,noise,554d5e71-b585-42ef-8ab3-cd29ee4ad1b6,000337,0
55564dbe-bae0-45d9-93ad-1db0473700f1.dat,squiggle,55564dbe-bae0-45d9-93ad-1db0473700f1,000338,3
556b2aa8-1840-4f38-95b8-dfd8b2464d91.dat,narrowband,556b2aa8-1840-4f38-95b8-dfd8b2464d91,000339,1
55cb8b7b-2eb8-4cde-ba05-b39a67549b87.dat,narrowbanddrd,55cb8b7b-2eb8-4cde-ba05-b39a67549b87,000340,2
55d1ba67-f2e5-4fb1-a6f0-de87a86ab552.dat,narrowband,55d1ba67-f2e5-4fb1-a6f0-de87a86ab552,000341,1
55d30ac8-26cd-4054-a2ca-be364bb1baed.dat,narrowband,55d30ac8-26cd-4054-a2ca-be364bb1baed,000342,1
55f3cf80-4aa7-43c0-9c6f-c444639c9659.dat,noise,55f3cf80-4aa7-43c0-9c6f-c444639c9659,000343,0
562c1bee-08b1-497f-ae6f-f77483097407.dat,noise,562c1bee-08b1-497f-ae6f-f77483097407,000344,0
56789c25-435f-4bd9-b092-031cd63fa3e5.dat,noise,56789c25-435f-4bd9-b092-031cd63fa3e5,000345,0
570ecef0-bf27-4236-9003-ba1494056e69.dat,narrowbanddrd,570ecef0-bf27-4236-9003-ba1494056e69,000346,2
5717195b-16e8-4389-93c8-f289dc3857be.dat,narrowbanddrd,5717195b-16e8-4389-93c8-f289dc3857be,000347,2
57203088-5d40-4410-9121-5f4aeef98b10.dat,narrowband,57203088-5d40-4410-9121-5f4aeef98b10,000348,1
57721f9f-2851-4b6f-96e7-9a03e752375e.dat,narrowband,57721f9f-2851-4b6f-96e7-9a03e752375e,000349,1
5789710d-f73c-4c04-bf5b-6aa7e9ac76c7.dat,narrowbanddrd,5789710d-f73c-4c04-bf5b-6aa7e9ac76c7,000350,2
58198754-25e5-47a1-b8e3-25494b3d6c03.dat,narrowbanddrd,58198754-25e5-47a1-b8e3-25494b3d6c03,000351,2
58ce756a-95e3-437a-8aa4-1d835159d9d8.dat,narrowband,58ce756a-95e3-437a-8aa4-1d835159d9d8,000352,1
58dcd66b-a14c-4972-ab4a-2d6494bb9d52.dat,squiggle,58dcd66b-a14c-4972-ab4a-2d6494bb9d52,000353,3
59763f96-e577-4823-9076-d9a48623ad87.dat,noise,59763f96-e577-4823-9076-d9a48623ad87,000354,0
59b16a3b-93de-4d64-a7bc-7fb567994bc9.dat,squiggle,59b16a3b-93de-4d64-a7bc-7fb567994bc9,000355,3
59bf6aae-0d29-4cbf-a854-5f57788ea627.dat,squiggle,59bf6aae-0d29-4cbf-a854-5f57788ea627,000356,3
59d314e2-7cb3-40ef-8d4f-481096fc077a.dat,narrowband,59d314e2-7cb3-40ef-8d4f-481096fc077a,000357,1
5a553810-5fd3-4ab2-a8ca-81c164c6f4d4.dat,noise,5a553810-5fd3-4ab2-a8ca-81c164c6f4d4,000358,0
5a89d969-3ce0-44bb-98c4-5b76baee9312.dat,squiggle,5a89d969-3ce0-44bb-98c4-5b76baee9312,000359,3
5b050dcc-f3a6-4573-84ec-13d1a6d5597f.dat,noise,5b050dcc-f3a6-4573-84ec-13d1a6d5597f,000360,0
5b198775-7037-4efe-a8f4-13bc7eb667b0.dat,noise,5b198775-7037-4efe-a8f4-13bc7eb667b0,000361,0
5b80598e-dcb7-4289-9eba-2395fd31b27e.dat,narrowband,5b80598e-dcb7-4289-9eba-2395fd31b27e,000362,1
5b8fca6c-c1c7-4c5d-8a3e-7493bd582e15.dat,narrowbanddrd,5b8fca6c-c1c7-4c5d-8a3e-7493bd582e15,000363,2
5b9955c0-3ba9-474f-ab3e-91d4254470af.dat,noise,5b9955c0-3ba9-474f-ab3e-91d4254470af,000364,0
5bb2accb-cb2d-4c71-bbac-5282d4da9b2d.dat,noise,5bb2accb-cb2d-4c71-bbac-5282d4da9b2d,000365,0
5bf998a3-e620-4cb2-a239-8073e95cacd4.dat,noise,5bf998a3-e620-4cb2-a239-8073e95cacd4,000366,0
5c5797b1-8d2d-4b11-bdd6-c502cab58f1f.dat,narrowband,5c5797b1-8d2d-4b11-bdd6-c502cab58f1f,000367,1
5cc59260-1869-416e-b0f2-7baadb1ff80f.dat,noise,5cc59260-1869-416e-b0f2-7baadb1ff80f,000368,0
5cea4021-0c53-4421-856c-ee95c1231c7c.dat,noise,5cea4021-0c53-4421-856c-ee95c1231c7c,000369,0
5cee781c-2ee3-4467-9826-f858c0ef00c0.dat,narrowbanddrd,5cee781c-2ee3-4467-9826-f858c0ef00c0,000370,2
5d424f2d-e926-4a2e-9144-af63bd80fbfb.dat,narrowbanddrd,5d424f2d-e926-4a2e-9144-af63bd80fbfb,000371,2
5daff45f-7fcd-4eaf-9b72-d722024922e7.dat,squiggle,5daff45f-7fcd-4eaf-9b72-d722024922e7,000372,3
5dbcb8ca-3c51-4192-8eef-27541b083c75.dat,narrowband,5dbcb8ca-3c51-4192-8eef-27541b083c75,000373,1
5dc263e3-51c0-4ac0-b6db-5571f14eb348.dat,noise,5dc263e3-51c0-4ac0-b6db-5571f14eb348,000374,0
5e0f47fe-0091-4a27-8b4f-02f45ed96a8e.dat,noise,5e0f47fe-0091-4a27-8b4f-02f45ed96a8e,000375,0
5fc8f0e8-1a76-4690-9d60-f2f5647f2ae9.dat,narrowband,5fc8f0e8-1a76-4690-9d60-f2f5647f2ae9,000376,1
60266df2-06aa-4510-a02c-e83c1084de21.dat,squiggle,60266df2-06aa-4510-a02c-e83c1084de21,000377,3
602fc4bb-2ed7-43ec-bc85-b15857d66091.dat,noise,602fc4bb-2ed7-43ec-bc85-b15857d66091,000378,0
608df7fb-0ddd-4291-8689-3b20509246c5.dat,narrowband,608df7fb-0ddd-4291-8689-3b20509246c5,000379,1
609c19d9-bc0c-49ad-97aa-c43e75f4400a.dat,narrowband,609c19d9-bc0c-49ad-97aa-c43e75f4400a,000380,1
60b09d38-3ee3-4bdc-8966-57f29d571f63.dat,narrowband,60b09d38-3ee3-4bdc-8966-57f29d571f63,000381,1
60beecfe-5b45-404b-b387-c056e50a252c.dat,noise,60beecfe-5b45-404b-b387-c056e50a252c,000382,0
6112afa6-3863-4e64-94f2-eadec5340d64.dat,narrowband,6112afa6-3863-4e64-94f2-eadec5340d64,000383,1
611ae2cf-0d2d-44d7-a1dd-b4c1cf6430fa.dat,narrowbanddrd,611ae2cf-0d2d-44d7-a1dd-b4c1cf6430fa,000384,2
61589867-1f32-48d1-bf1f-dc3ea74eeb3e.dat,narrowband,61589867-1f32-48d1-bf1f-dc3ea74eeb3e,000385,1
61ff30ad-37b1-4cfc-9967-d528062470f1.dat,squiggle,61ff30ad-37b1-4cfc-9967-d528062470f1,000386,3
62463a68-9a96-492f-b7b8-87a22a381bd4.dat,squiggle,62463a68-9a96-492f-b7b8-87a22a381bd4,000387,3
62f7adf9-e9d3-4e37-a747-42cdfff5a1b9.dat,noise,62f7adf9-e9d3-4e37-a747-42cdfff5a1b9,000388,0
6306c4b2-6182-40c1-bedb-fa6fe625b458.dat,narrowband,6306c4b2-6182-40c1-bedb-fa6fe625b458,000389,1
63632287-d09c-4c00-ad91-fc49a83fd3ec.dat,squiggle,63632287-d09c-4c00-ad91-fc49a83fd3ec,000390,3
649cc085-b3d5-4b68-96e9-8e273de48375.dat,noise,649cc085-b3d5-4b68-96e9-8e273de48375,000391,0
64d07436-fb5c-44e9-a209-86a815f34247.dat,squiggle,64d07436-fb5c-44e9-a209-86a815f34247,000392,3
6556e163-37f5-471f-a448-d717c5202ee4.dat,narrowband,6556e163-37f5-471f-a448-d717c5202ee4,000393,1
656b155b-1052-4798-98ca-5394ac4ab040.dat,narrowbanddrd,656b155b-1052-4798-98ca-5394ac4ab040,000394,2
661283d2-d578-4fba-aed4-3a746024fe82.dat,narrowband,661283d2-d578-4fba-aed4-3a746024fe82,000395,1
6683b053-44b7-433d-bd0e-407aa324c3d1.dat,narrowband,6683b053-44b7-433d-bd0e-407aa324c3d1,000396,1
66c705da-af91-40ea-9399-cbf9049769e0.dat,noise,66c705da-af91-40ea-9399-cbf9049769e0,000397,0
66fa4e28-4ec0-4e6b-bef5-34c665c29fc2.dat,squiggle,66fa4e28-4ec0-4e6b-bef5-34c665c29fc2,000398,3
671be937-79ee-4887-b063-ef83bb278aeb.dat,noise,671be937-79ee-4887-b063-ef83bb278aeb,000399,0
671d5562-dbd6-4013-984e-6ee0aec95f24.dat,squiggle,671d5562-dbd6-4013-984e-6ee0aec95f24,000400,3
678ac064-f60d-4d06-8509-700017d7ead9.dat,squiggle,678ac064-f60d-4d06-8509-700017d7ead9,000401,3
679280c0-4f9b-4489-b55d-8559d5d60bc4.dat,narrowbanddrd,679280c0-4f9b-4489-b55d-8559d5d60bc4,000402,2
67a810bf-9d58-491f-a009-bfe971c8e72a.dat,noise,67a810bf-9d58-491f-a009-bfe971c8e72a,000403,0
67dc4950-cbc9-4859-89fe-784900201be3.dat,narrowband,67dc4950-cbc9-4859-89fe-784900201be3,000404,1
6830aa3b-73d8-4965-b335-61569135a8d5.dat,narrowband,6830aa3b-73d8-4965-b335-61569135a8d5,000405,1
684fb0f0-73a8-4835-9651-99536a0c829f.dat,noise,684fb0f0-73a8-4835-9651-99536a0c829f,000406,0
6869ff40-b6b6-418a-9342-38dfcdcfd43b.dat,squiggle,6869ff40-b6b6-418a-9342-38dfcdcfd43b,000407,3
6878e7ab-f793-42c0-84c3-da279f7fd2b1.dat,narrowband,6878e7ab-f793-42c0-84c3-da279f7fd2b1,000408,1
6883669f-2161-4942-8c4f-31d0ac8fe4c1.dat,narrowbanddrd,6883669f-2161-4942-8c4f-31d0ac8fe4c1,000409,2
688fba07-8bb1-4a64-8260-8380bccb5e15.dat,squiggle,688fba07-8bb1-4a64-8260-8380bccb5e15,000410,3
6899ad35-4435-4478-84d5-bf1ae5f38c42.dat,narrowband,6899ad35-4435-4478-84d5-bf1ae5f38c42,000411,1
68b45ba8-a116-459d-9ad3-09a8fb5a4379.dat,noise,68b45ba8-a116-459d-9ad3-09a8fb5a4379,000412,0
68b5290d-b40e-48f6-b6c0-6dbb55575159.dat,noise,68b5290d-b40e-48f6-b6c0-6dbb55575159,000413,0
68dd371a-f9b7-44e2-a892-46e29a36db16.dat,squiggle,68dd371a-f9b7-44e2-a892-46e29a36db16,000414,3
693f6c3f-5c50-47c7-b3b1-55249ca6d864.dat,narrowband,693f6c3f-5c50-47c7-b3b1-55249ca6d864,000415,1
69acdcbf-d6f9-46cf-b5dd-000b71d3b474.dat,narrowbanddrd,69acdcbf-d6f9-46cf-b5dd-000b71d3b474,000416,2
69af69c9-b006-4b65-afa3-0786e270b71d.dat,narrowband,69af69c9-b006-4b65-afa3-0786e270b71d,000417,1
69d333dd-44c3-47db-bd2d-3fd7d7713410.dat,squiggle,69d333dd-44c3-47db-bd2d-3fd7d7713410,000418,3
69f8688b-d50f-4bcf-ac42-103ff53ea8e7.dat,squiggle,69f8688b-d50f-4bcf-ac42-103ff53ea8e7,000419,3
6a1cd3b9-3a65-4570-aff9-6e21ef6094b9.dat,narrowbanddrd,6a1cd3b9-3a65-4570-aff9-6e21ef6094b9,000420,2
6bb9d0c9-043b-4411-96c7-a95a6c246c5d.dat,narrowbanddrd,6bb9d0c9-043b-4411-96c7-a95a6c246c5d,000421,2
6c7b37f5-a006-434c-87fa-18e7a5c1979d.dat,narrowband,6c7b37f5-a006-434c-87fa-18e7a5c1979d,000422,1
6ca1d2f6-d75e-4937-8e4b-940fbcdbd0e7.dat,narrowband,6ca1d2f6-d75e-4937-8e4b-940fbcdbd0e7,000423,1
6cfdac00-51f9-42a3-9284-896fda56fa1c.dat,squiggle,6cfdac00-51f9-42a3-9284-896fda56fa1c,000424,3
6d311f76-4625-4c67-b443-31fc298f0c32.dat,squiggle,6d311f76-4625-4c67-b443-31fc298f0c32,000425,3
6de67a8e-eb97-4fc5-9f15-f553d221a832.dat,narrowbanddrd,6de67a8e-eb97-4fc5-9f15-f553d221a832,000426,2
6e5ec591-c001-4e29-9d13-7394c0f4541b.dat,noise,6e5ec591-c001-4e29-9d13-7394c0f4541b,000427,0
6e936e9b-caec-48b5-a668-e562a303d418.dat,noise,6e936e9b-caec-48b5-a668-e562a303d418,000428,0
6ea99bf2-a8fa-4702-8a91-86818fb0ac85.dat,noise,6ea99bf2-a8fa-4702-8a91-86818fb0ac85,000429,0
6ecde5b4-69d5-49d6-b8a7-e5dcacc063be.dat,squiggle,6ecde5b4-69d5-49d6-b8a7-e5dcacc063be,000430,3
6f473fd1-1ad9-40a7-9fbd-62f6304be8a8.dat,noise,6f473fd1-1ad9-40a7-9fbd-62f6304be8a8,000431,0
6f48a218-fba4-437d-b3b1-37f2589a7eaa.dat,narrowband,6f48a218-fba4-437d-b3b1-37f2589a7eaa,000432,1
6f805296-3b7d-4bd1-b977-2abb57729308.dat,narrowbanddrd,6f805296-3b7d-4bd1-b977-2abb57729308,000433,2
70109d63-ad73-4840-8ee4-ef37d9c14a45.dat,noise,70109d63-ad73-4840-8ee4-ef37d9c14a45,000434,0
701971e1-b136-475e-ac79-8265db9bce14.dat,noise,701971e1-b136-475e-ac79-8265db9bce14,000435,0
70517978-f474-451a-aa48-96cd16eb75fc.dat,narrowband,70517978-f474-451a-aa48-96cd16eb75fc,000436,1
70824d0c-0579-4bb0-b86d-984bac6baf0c.dat,narrowbanddrd,70824d0c-0579-4bb0-b86d-984bac6baf0c,000437,2
711a7bff-030f-4ec6-9038-8413c943a47a.dat,narrowband,711a7bff-030f-4ec6-9038-8413c943a47a,000438,1
71481bae-4980-4b45-b346-2d969af17f2f.dat,noise,71481bae-4980-4b45-b346-2d969af17f2f,000439,0
718c4111-0fde-44d3-86f7-2cd2b7691b7c.dat,narrowbanddrd,718c4111-0fde-44d3-86f7-2cd2b7691b7c,000440,2
71cccc79-a58b-42d7-b1a4-1fa7c30544a4.dat,narrowbanddrd,71cccc79-a58b-42d7-b1a4-1fa7c30544a4,000441,2
72451eee-6e28-4fec-86a3-e5e4e265aec5.dat,narrowband,72451eee-6e28-4fec-86a3-e5e4e265aec5,000442,1
72833b5a-372a-4d14-8656-9c7728427dcc.dat,narrowband,72833b5a-372a-4d14-8656-9c7728427dcc,000443,1
72cb00c3-a3ba-489e-a0c7-e3ac939b2805.dat,narrowbanddrd,72cb00c3-a3ba-489e-a0c7-e3ac939b2805,000444,2
730615ec-0a46-4e5a-b07a-aa9b797ce858.dat,squiggle,730615ec-0a46-4e5a-b07a-aa9b797ce858,000445,3
7324150e-c408-48f1-8dfe-3182e6b2a279.dat,narrowbanddrd,7324150e-c408-48f1-8dfe-3182e6b2a279,000446,2
73b85882-8522-4bd4-aa5e-d5b97a900eff.dat,squiggle,73b85882-8522-4bd4-aa5e-d5b97a900eff,000447,3
73be52c9-d878-4d05-b2be-cf47b3229fef.dat,narrowband,73be52c9-d878-4d05-b2be-cf47b3229fef,000448,1
7404de39-1a2a-4bfb-9384-fee7d39c6c1a.dat,narrowbanddrd,7404de39-1a2a-4bfb-9384-fee7d39c6c1a,000449,2
741a3c66-f276-434f-b4d8-cbb3236bbd19.dat,noise,741a3c66-f276-434f-b4d8-cbb3236bbd19,000450,0
741abc29-af8e-4f9f-a1ed-ef8b57f93d1e.dat,noise,741abc29-af8e-4f9f-a1ed-ef8b57f93d1e,000451,0
745c2fad-08c9-42bb-806f-27e4209e85b7.dat,narrowband,745c2fad-08c9-42bb-806f-27e4209e85b7,000452,1
74e73769-3b77-4ef3-8e69-be54247fa744.dat,narrowbanddrd,74e73769-3b77-4ef3-8e69-be54247fa744,000453,2
7539a69c-2b2d-4d94-bdf2-c0500f8be04b.dat,narrowband,7539a69c-2b2d-4d94-bdf2-c0500f8be04b,000454,1
76d213a5-d2ca-4d62-a628-82f10c73c9c9.dat,noise,76d213a5-d2ca-4d62-a628-82f10c73c9c9,000455,0
76f0870a-79fd-4c86-bc85-fc1121ce3072.dat,narrowbanddrd,76f0870a-79fd-4c86-bc85-fc1121ce3072,000456,2
7730d793-5368-4ec4-86ae-b07e9c3a029d.dat,noise,7730d793-5368-4ec4-86ae-b07e9c3a029d,000457,0
776cbf94-2b8c-47c4-b0b8-9759566aefb9.dat,noise,776cbf94-2b8c-47c4-b0b8-9759566aefb9,000458,0
7778f507-1d98-455c-8966-f2096161a935.dat,squiggle,7778f507-1d98-455c-8966-f2096161a935,000459,3
778a075d-a789-4792-8cc5-8f39ea0434c5.dat,squiggle,778a075d-a789-4792-8cc5-8f39ea0434c5,000460,3
77f98ad0-e8a0-43bf-acf3-f619bef9f053.dat,narrowbanddrd,77f98ad0-e8a0-43bf-acf3-f619bef9f053,000461,2
781c7135-fc87-443f-b655-a6338c96a5e1.dat,narrowbanddrd,781c7135-fc87-443f-b655-a6338c96a5e1,000462,2
783180eb-8051-4846-91ac-04035cbf9190.dat,noise,783180eb-8051-4846-91ac-04035cbf9190,000463,0
78729dc5-2b6d-4c7a-8699-4ef4dd3d32e2.dat,squiggle,78729dc5-2b6d-4c7a-8699-4ef4dd3d32e2,000464,3
787708ea-9ae6-4e61-a99b-cd6f61ece612.dat,squiggle,787708ea-9ae6-4e61-a99b-cd6f61ece612,000465,3
7882307f-f35e-47ec-acc6-b947cf95e4cc.dat,narrowbanddrd,7882307f-f35e-47ec-acc6-b947cf95e4cc,000466,2
78aa88c7-81a0-4cad-9ae9-3aad53a05d66.dat,narrowbanddrd,78aa88c7-81a0-4cad-9ae9-3aad53a05d66,000467,2
78ba5eba-bf4f-41b7-bdf9-79d039c4d6e5.dat,noise,78ba5eba-bf4f-41b7-bdf9-79d039c4d6e5,000468,0
78c15b17-8576-4e90-9e81-2ea974f7ce78.dat,narrowband,78c15b17-8576-4e90-9e81-2ea974f7ce78,000469,1
78d4d4de-9a90-46e5-aaa5-da3cbe0d474a.dat,narrowband,78d4d4de-9a90-46e5-aaa5-da3cbe0d474a,000470,1
797e0ba8-a2e6-4acc-aa6f-834ff10fc0ab.dat,narrowband,797e0ba8-a2e6-4acc-aa6f-834ff10fc0ab,000471,1
7a000db3-fea0-4275-a21b-8d8c15b67c55.dat,noise,7a000db3-fea0-4275-a21b-8d8c15b67c55,000472,0
7a4155d1-6db0-40d4-844f-757f585090df.dat,noise,7a4155d1-6db0-40d4-844f-757f585090df,000473,0
7a8c2ff3-d2bf-4589-8e90-d4a3f213b675.dat,squiggle,7a8c2ff3-d2bf-4589-8e90-d4a3f213b675,000474,3
7aa58b0c-05ed-4bf0-8281-0a43b73e2b8d.dat,narrowbanddrd,7aa58b0c-05ed-4bf0-8281-0a43b73e2b8d,000475,2
7b14a4de-2cf3-4596-a648-c4e63b1f0574.dat,noise,7b14a4de-2cf3-4596-a648-c4e63b1f0574,000476,0
7b7a24b5-ce4d-47a0-9d5f-a8044bb99069.dat,narrowbanddrd,7b7a24b5-ce4d-47a0-9d5f-a8044bb99069,000477,2
7b7e7f57-1f83-4b4b-abac-48194412ba0b.dat,noise,7b7e7f57-1f83-4b4b-abac-48194412ba0b,000478,0
7b7fa80c-e441-4431-bb36-eeffad7bf5e5.dat,squiggle,7b7fa80c-e441-4431-bb36-eeffad7bf5e5,000479,3
7ba3a34a-5b2a-418c-9672-d877768540d6.dat,squiggle,7ba3a34a-5b2a-418c-9672-d877768540d6,000480,3
7bac59e3-f4bd-4e18-af6f-ab4e1dd0ee0e.dat,squiggle,7bac59e3-f4bd-4e18-af6f-ab4e1dd0ee0e,000481,3
7bc64eff-5ede-4955-8145-c338085d6534.dat,narrowband,7bc64eff-5ede-4955-8145-c338085d6534,000482,1
7bd2e433-435a-45a6-90b7-173445f6ab6c.dat,noise,7bd2e433-435a-45a6-90b7-173445f6ab6c,000483,0
7bd4b47d-3228-4d04-a5e5-26032d8b4416.dat,squiggle,7bd4b47d-3228-4d04-a5e5-26032d8b4416,000484,3
7be1de30-009e-4e2b-86c1-70c7a2ea55ab.dat,narrowband,7be1de30-009e-4e2b-86c1-70c7a2ea55ab,000485,1
7bf146c7-adf3-4887-88d1-9b2477afa841.dat,noise,7bf146c7-adf3-4887-88d1-9b2477afa841,000486,0
7c0a0c84-8eeb-4e22-9494-1ad4ab4dec00.dat,noise,7c0a0c84-8eeb-4e22-9494-1ad4ab4dec00,000487,0
7c61dd4f-b20a-45c4-8165-50920456630f.dat,squiggle,7c61dd4f-b20a-45c4-8165-50920456630f,000488,3
7c69d22b-09d6-4c4e-94d8-9449a29c0fa9.dat,noise,7c69d22b-09d6-4c4e-94d8-9449a29c0fa9,000489,0
7c7a1703-995a-49be-8605-1242d7f63f4c.dat,noise,7c7a1703-995a-49be-8605-1242d7f63f4c,000490,0
7cc95a0a-b10c-456c-9d43-d136fd4df5e1.dat,narrowband,7cc95a0a-b10c-456c-9d43-d136fd4df5e1,000491,1
7ce361fe-a343-4144-a46b-0e74524a1bca.dat,narrowbanddrd,7ce361fe-a343-4144-a46b-0e74524a1bca,000492,2
7d7992cb-3fa3-4eb2-9c93-8327b65631db.dat,squiggle,7d7992cb-3fa3-4eb2-9c93-8327b65631db,000493,3
7d83cb84-ebbc-456e-8c72-3e71cef73dbb.dat,narrowbanddrd,7d83cb84-ebbc-456e-8c72-3e71cef73dbb,000494,2
7d9107f4-661a-4669-9db2-05be4a3a663c.dat,narrowband,7d9107f4-661a-4669-9db2-05be4a3a663c,000495,1
7dd73e65-5471-48af-ab3f-81833875c679.dat,narrowband,7dd73e65-5471-48af-ab3f-81833875c679,000496,1
7dfc2410-a0e4-44a6-90e0-12812f2a446d.dat,noise,7dfc2410-a0e4-44a6-90e0-12812f2a446d,000497,0
7e5bab6c-74c0-488e-b7b7-85bf1807760d.dat,narrowbanddrd,7e5bab6c-74c0-488e-b7b7-85bf1807760d,000498,2
7e941812-2c68-471a-9ab1-66c4e77bd2be.dat,noise,7e941812-2c68-471a-9ab1-66c4e77bd2be,000499,0
7ec9382f-2811-4b5c-a590-044f5672d385.dat,noise,7ec9382f-2811-4b5c-a590-044f5672d385,000500,0
7f7baa51-fbd2-4c9f-951f-7b5f88bf5e9d.dat,narrowband,7f7baa51-fbd2-4c9f-951f-7b5f88bf5e9d,000501,1
7fbe1406-9c55-4a0d-babc-9d1da73ad621.dat,squiggle,7fbe1406-9c55-4a0d-babc-9d1da73ad621,000502,3
7fc90d6c-28c1-4c25-b401-66c8c3548c1c.dat,narrowbanddrd,7fc90d6c-28c1-4c25-b401-66c8c3548c1c,000503,2
7ff01d67-487f-4272-83bb-9f0688254ee6.dat,squiggle,7ff01d67-487f-4272-83bb-9f0688254ee6,000504,3
8042e29e-0fed-45ed-a8ee-b0d37265db73.dat,noise,8042e29e-0fed-45ed-a8ee-b0d37265db73,000505,0
804fd76f-8b05-4c70-b494-a21c4ecee9cd.dat,narrowband,804fd76f-8b05-4c70-b494-a21c4ecee9cd,000506,1
80582eab-60d0-4307-aed0-30f449b51602.dat,noise,80582eab-60d0-4307-aed0-30f449b51602,000507,0
80d13485-400d-4067-a6b5-9632051af6a7.dat,narrowband,80d13485-400d-4067-a6b5-9632051af6a7,000508,1
80f09fa0-1eb6-4cae-a608-e4eac10f705f.dat,noise,80f09fa0-1eb6-4cae-a608-e4eac10f705f,000509,0
8140bc5c-776c-43ec-96aa-1fb3dc84dea7.dat,narrowbanddrd,8140bc5c-776c-43ec-96aa-1fb3dc84dea7,000510,2
81d7904c-ece9-4d6b-895a-8d1de2c1f6f0.dat,narrowband,81d7904c-ece9-4d6b-895a-8d1de2c1f6f0,000511,1
81ef69d0-46f8-47e2-a774-51284001061a.dat,squiggle,81ef69d0-46f8-47e2-a774-51284001061a,000512,3
820ca249-0e02-4fb5-bfbf-a8630bb4e407.dat,narrowbanddrd,820ca249-0e02-4fb5-bfbf-a8630bb4e407,000513,2
820d7119-3304-47fc-8be4-397ab1fe8aa8.dat,narrowband,820d7119-3304-47fc-8be4-397ab1fe8aa8,000514,1
82dde426-5dc3-4203-8686-e38494c2f0eb.dat,squiggle,82dde426-5dc3-4203-8686-e38494c2f0eb,000515,3
835796e7-5d08-4c62-abc7-08c6ee05b820.dat,noise,835796e7-5d08-4c62-abc7-08c6ee05b820,000516,0
839fe52d-b437-4271-ac6c-bbfb66bad1c5.dat,narrowbanddrd,839fe52d-b437-4271-ac6c-bbfb66bad1c5,000517,2
83f4c645-d3d3-4ecd-b2c2-7bcc9932ba7b.dat,narrowband,83f4c645-d3d3-4ecd-b2c2-7bcc9932ba7b,000518,1
846f3334-ab92-48ca-b5d9-3e71fd0f90c0.dat,squiggle,846f3334-ab92-48ca-b5d9-3e71fd0f90c0,000519,3
84ae1e5a-ea7f-4222-9d99-afd7f60456d5.dat,narrowband,84ae1e5a-ea7f-4222-9d99-afd7f60456d5,000520,1
84b567a2-b843-43a4-986a-a954a7eb64b7.dat,narrowband,84b567a2-b843-43a4-986a-a954a7eb64b7,000521,1
84f4b2d4-ecdb-417c-b654-8fede22e8ec9.dat,narrowband,84f4b2d4-ecdb-417c-b654-8fede22e8ec9,000522,1
8571dd32-5ac6-4ab5-bc53-9ef1c48a3916.dat,squiggle,8571dd32-5ac6-4ab5-bc53-9ef1c48a3916,000523,3
85c69040-a6ae-43b4-9613-cc381908753b.dat,noise,85c69040-a6ae-43b4-9613-cc381908753b,000524,0
86822697-e4e4-4be2-8900-a51c58c17a1a.dat,noise,86822697-e4e4-4be2-8900-a51c58c17a1a,000525,0
868384f2-8d5c-4826-b697-ea8b95d7a707.dat,narrowband,868384f2-8d5c-4826-b697-ea8b95d7a707,000526,1
869ad4a1-f685-4d6a-be04-889da19880be.dat,narrowband,869ad4a1-f685-4d6a-be04-889da19880be,000527,1
8704ba74-effc-4283-9621-0321acce4851.dat,narrowband,8704ba74-effc-4283-9621-0321acce4851,000528,1
870b6950-fec3-477e-8997-8069bf58ff0c.dat,squiggle,870b6950-fec3-477e-8997-8069bf58ff0c,000529,3
871a0489-db15-4558-a138-533f7077f364.dat,squiggle,871a0489-db15-4558-a138-533f7077f364,000530,3
8739c79b-83dc-4037-8d36-18fb3d4f1d3b.dat,narrowbanddrd,8739c79b-83dc-4037-8d36-18fb3d4f1d3b,000531,2
8791d368-ba65-441e-82d6-d64b026afe99.dat,squiggle,8791d368-ba65-441e-82d6-d64b026afe99,000532,3
87c9c773-cb4a-4dc5-a363-32ccb66d9f19.dat,narrowband,87c9c773-cb4a-4dc5-a363-32ccb66d9f19,000533,1
87f6901e-d7af-46d9-a110-3e4fc998a3c6.dat,narrowbanddrd,87f6901e-d7af-46d9-a110-3e4fc998a3c6,000534,2
8820c124-c1c6-442b-83cd-f596e86d8021.dat,narrowbanddrd,8820c124-c1c6-442b-83cd-f596e86d8021,000535,2
88cfcaa6-f377-4bfc-b668-aad40b25dcef.dat,squiggle,88cfcaa6-f377-4bfc-b668-aad40b25dcef,000536,3
892d5640-af62-4fd8-b7a1-442b4516f61c.dat,narrowband,892d5640-af62-4fd8-b7a1-442b4516f61c,000537,1
89621565-a5bb-4493-ada9-486eb9f6aae7.dat,noise,89621565-a5bb-4493-ada9-486eb9f6aae7,000538,0
897dcb78-49da-43b0-aaef-0bf1c8a3e176.dat,narrowbanddrd,897dcb78-49da-43b0-aaef-0bf1c8a3e176,000539,2
89a073f7-bdeb-42e4-94ca-d79966dfe1d4.dat,noise,89a073f7-bdeb-42e4-94ca-d79966dfe1d4,000540,0
89efe041-7834-4aa5-8e7f-b6d61789ad1f.dat,narrowbanddrd,89efe041-7834-4aa5-8e7f-b6d61789ad1f,000541,2
89f5f8a5-a04f-4cbb-bed4-e04c5ac05281.dat,narrowband,89f5f8a5-a04f-4cbb-bed4-e04c5ac05281,000542,1
8a07e9bb-395b-4cb1-9f23-297d4cfe5596.dat,narrowband,8a07e9bb-395b-4cb1-9f23-297d4cfe5596,000543,1
8a2ce94f-6ada-4125-be1b-705a8bf76f8f.dat,noise,8a2ce94f-6ada-4125-be1b-705a8bf76f8f,000544,0
8a7c8e8c-b0e1-4213-a7df-bc79913d4cc0.dat,narrowbanddrd,8a7c8e8c-b0e1-4213-a7df-bc79913d4cc0,000545,2
8a940d52-5015-4c99-8aa0-40972e9de858.dat,narrowbanddrd,8a940d52-5015-4c99-8aa0-40972e9de858,000546,2
8ace07b5-0688-4025-b901-74edd38d17d0.dat,narrowbanddrd,8ace07b5-0688-4025-b901-74edd38d17d0,000547,2
8af7b064-073b-4c8c-b687-585596e4843f.dat,noise,8af7b064-073b-4c8c-b687-585596e4843f,000548,0
8b4e03de-83a4-4266-b70f-52da5ff77680.dat,narrowband,8b4e03de-83a4-4266-b70f-52da5ff77680,000549,1
8bbc33a1-d925-493b-9cee-924b1666ecbe.dat,narrowbanddrd,8bbc33a1-d925-493b-9cee-924b1666ecbe,000550,2
8bd9cb74-978e-4a93-8728-9e4288c76d25.dat,squiggle,8bd9cb74-978e-4a93-8728-9e4288c76d25,000551,3
8c18656c-46b7-4218-bc30-0f9dc1611a8d.dat,narrowband,8c18656c-46b7-4218-bc30-0f9dc1611a8d,000552,1
8c600e23-70ac-497a-a8ae-4ca83e0cdaef.dat,narrowband,8c600e23-70ac-497a-a8ae-4ca83e0cdaef,000553,1
8c6b14e1-ab95-476c-bac5-a7f7362cb50a.dat,narrowbanddrd,8c6b14e1-ab95-476c-bac5-a7f7362cb50a,000554,2
8c70efd4-b3db-4324-b8c6-5b9653da6de8.dat,noise,8c70efd4-b3db-4324-b8c6-5b9653da6de8,000555,0
8c72b3c8-18a0-46d2-9dd4-b0236f76f946.dat,squiggle,8c72b3c8-18a0-46d2-9dd4-b0236f76f946,000556,3
8d88b1e4-1829-4908-a0d9-bff456357575.dat,noise,8d88b1e4-1829-4908-a0d9-bff456357575,000557,0
8dde5f4a-06f7-4558-b5fb-d1a6901db34d.dat,noise,8dde5f4a-06f7-4558-b5fb-d1a6901db34d,000558,0
8f114487-8802-4a57-b732-60cbb8650cf7.dat,narrowband,8f114487-8802-4a57-b732-60cbb8650cf7,000559,1
8f31910f-b0e4-463f-b800-8d3d7ec71f68.dat,noise,8f31910f-b0e4-463f-b800-8d3d7ec71f68,000560,0
8f7603a5-1ed6-4a51-b889-0f8c42b65d7f.dat,squiggle,8f7603a5-1ed6-4a51-b889-0f8c42b65d7f,000561,3
8f98a4d2-daed-4726-824b-8b4b11610a6d.dat,squiggle,8f98a4d2-daed-4726-824b-8b4b11610a6d,000562,3
8faa0fb6-31a8-4e45-8290-4d3be4aa4432.dat,squiggle,8faa0fb6-31a8-4e45-8290-4d3be4aa4432,000563,3
8faa35ae-e351-4ea4-85ba-e5ca6e56cfdb.dat,narrowbanddrd,8faa35ae-e351-4ea4-85ba-e5ca6e56cfdb,000564,2
8fb78ba3-5fec-496f-a2d7-1f15e31a2ca4.dat,squiggle,8fb78ba3-5fec-496f-a2d7-1f15e31a2ca4,000565,3
8fed609f-633d-4476-a356-b7eaa83a9871.dat,narrowbanddrd,8fed609f-633d-4476-a356-b7eaa83a9871,000566,2
902ef7ea-a383-45e0-bd0f-abc67088d90a.dat,narrowband,902ef7ea-a383-45e0-bd0f-abc67088d90a,000567,1
9086f0b3-504e-45b7-bc24-5ab1fac6149f.dat,squiggle,9086f0b3-504e-45b7-bc24-5ab1fac6149f,000568,3
9088d27e-1cdf-4fde-bf3c-80fb9576856b.dat,squiggle,9088d27e-1cdf-4fde-bf3c-80fb9576856b,000569,3
90b0be2f-03d1-4999-93d0-9398074d48db.dat,squiggle,90b0be2f-03d1-4999-93d0-9398074d48db,000570,3
90dc61d7-6756-4c40-9074-0d3213065fe3.dat,narrowband,90dc61d7-6756-4c40-9074-0d3213065fe3,000571,1
90e62f04-3570-4333-b39a-580f3e3fc871.dat,squiggle,90e62f04-3570-4333-b39a-580f3e3fc871,000572,3
915d5e1a-87b2-4f69-87e9-04ebdf433ea0.dat,narrowband,915d5e1a-87b2-4f69-87e9-04ebdf433ea0,000573,1
919a4d78-3e9c-4401-87be-9d695a968fc5.dat,noise,919a4d78-3e9c-4401-87be-9d695a968fc5,000574,0
91a6d9f1-32b3-4d8d-b825-17e876178804.dat,narrowband,91a6d9f1-32b3-4d8d-b825-17e876178804,000575,1
923582bd-67cd-4778-a4d1-5a5389808992.dat,narrowband,923582bd-67cd-4778-a4d1-5a5389808992,000576,1
9281b44b-4310-472a-b075-fe0a54d391a1.dat,narrowbanddrd,9281b44b-4310-472a-b075-fe0a54d391a1,000577,2
92872f49-69a1-40e3-b214-175e20386324.dat,noise,92872f49-69a1-40e3-b214-175e20386324,000578,0
92e06bb7-4662-4a03-b1eb-5b8f248fa150.dat,narrowband,92e06bb7-4662-4a03-b1eb-5b8f248fa150,000579,1
934088a3-42de-4d20-9bd9-0f3790bd8f04.dat,noise,934088a3-42de-4d20-9bd9-0f3790bd8f04,000580,0
934a428e-b9a3-48ce-b274-be7e31e440f8.dat,squiggle,934a428e-b9a3-48ce-b274-be7e31e440f8,000581,3
9385f59e-09f8-4c3d-94d4-0606fec62c49.dat,squiggle,9385f59e-09f8-4c3d-94d4-0606fec62c49,000582,3
942b30e6-9f6e-4fe7-b319-560d2ec469d0.dat,squiggle,942b30e6-9f6e-4fe7-b319-560d2ec469d0,000583,3
942c63cc-52de-4981-a7a7-67f45dd702b7.dat,noise,942c63cc-52de-4981-a7a7-67f45dd702b7,000584,0
94394c30-1a57-47d7-b76b-02ca32580284.dat,squiggle,94394c30-1a57-47d7-b76b-02ca32580284,000585,3
944086b9-edd2-4063-9935-6e5d1f821e58.dat,narrowbanddrd,944086b9-edd2-4063-9935-6e5d1f821e58,000586,2
9518f72a-65f5-41eb-b65b-61af23b5f72c.dat,noise,9518f72a-65f5-41eb-b65b-61af23b5f72c,000587,0
9523a587-2748-4ca5-9e6d-34b6e917530d.dat,noise,9523a587-2748-4ca5-9e6d-34b6e917530d,000588,0
959a8af9-6b8b-4338-aff4-4338b014d6a7.dat,noise,959a8af9-6b8b-4338-aff4-4338b014d6a7,000589,0
95bf970a-e3c2-4ad9-930c-df4b2e8b44b9.dat,narrowband,95bf970a-e3c2-4ad9-930c-df4b2e8b44b9,000590,1
95ec48b2-bda9-462c-a1a6-ee1988c16301.dat,noise,95ec48b2-bda9-462c-a1a6-ee1988c16301,000591,0
95f16b2b-9266-46fc-99c3-10c7fbb0f1bc.dat,narrowbanddrd,95f16b2b-9266-46fc-99c3-10c7fbb0f1bc,000592,2
9623c052-cf05-401f-873b-4e2fbcdda88b.dat,noise,9623c052-cf05-401f-873b-4e2fbcdda88b,000593,0
9653f235-0d89-4087-a3d6-5311681f12dc.dat,noise,9653f235-0d89-4087-a3d6-5311681f12dc,000594,0
9663b1aa-e29e-4d53-ab0c-3b7d43f8376c.dat,narrowbanddrd,9663b1aa-e29e-4d53-ab0c-3b7d43f8376c,000595,2
96859f95-2b0d-45c6-aac4-58e9d1a5b929.dat,squiggle,96859f95-2b0d-45c6-aac4-58e9d1a5b929,000596,3
968b8337-f8d1-41a8-8ebc-28e058449091.dat,narrowbanddrd,968b8337-f8d1-41a8-8ebc-28e058449091,000597,2
96b3498c-1b5c-49bf-84c4-42f12147676b.dat,noise,96b3498c-1b5c-49bf-84c4-42f12147676b,000598,0
97eb2198-9bb3-457d-ac7c-26a473a740ff.dat,narrowband,97eb2198-9bb3-457d-ac7c-26a473a740ff,000599,1
9906fe1b-e892-4fae-b1c3-08e1ad343d7b.dat,narrowbanddrd,9906fe1b-e892-4fae-b1c3-08e1ad343d7b,000600,2
99283cfc-204b-4662-8ef1-90724e3da249.dat,noise,99283cfc-204b-4662-8ef1-90724e3da249,000601,0
99956af8-04a0-4e1a-bb18-e47885a664c5.dat,noise,99956af8-04a0-4e1a-bb18-e47885a664c5,000602,0
99b00a5e-1c34-49b3-adbc-b3472bf3d058.dat,squiggle,99b00a5e-1c34-49b3-adbc-b3472bf3d058,000603,3
9a4352ec-1689-4726-b356-6f8072a5fafc.dat,squiggle,9a4352ec-1689-4726-b356-6f8072a5fafc,000604,3
9a4d67d1-4d3d-48ea-8ec5-a1df00f5b85c.dat,noise,9a4d67d1-4d3d-48ea-8ec5-a1df00f5b85c,000605,0
9a588b52-8524-42e7-bcf6-abe14a802005.dat,squiggle,9a588b52-8524-42e7-bcf6-abe14a802005,000606,3
9ad0b7c4-5d31-442b-8fd5-544502f42c97.dat,narrowband,9ad0b7c4-5d31-442b-8fd5-544502f42c97,000607,1
9ae9dce3-8245-4ee2-a935-f3e1f306e2ab.dat,narrowband,9ae9dce3-8245-4ee2-a935-f3e1f306e2ab,000608,1
9b5ba365-0e9d-4833-8c99-ae76a8e1bca0.dat,squiggle,9b5ba365-0e9d-4833-8c99-ae76a8e1bca0,000609,3
9b731095-c568-45a6-bb7a-9e31574f5888.dat,noise,9b731095-c568-45a6-bb7a-9e31574f5888,000610,0
9b8677c5-6714-4386-b6b1-344564faf1e6.dat,narrowbanddrd,9b8677c5-6714-4386-b6b1-344564faf1e6,000611,2
9c4bd61d-3a03-489d-ba60-c4b6a00c628a.dat,noise,9c4bd61d-3a03-489d-ba60-c4b6a00c628a,000612,0
9ca2f319-a518-4cf6-a891-b6a55b6aaf79.dat,squiggle,9ca2f319-a518-4cf6-a891-b6a55b6aaf79,000613,3
9cbb1178-9405-4bf0-af60-222ff4c1a3b5.dat,narrowband,9cbb1178-9405-4bf0-af60-222ff4c1a3b5,000614,1
9d05fcd2-f885-45d1-89ba-2876c028c6cf.dat,narrowbanddrd,9d05fcd2-f885-45d1-89ba-2876c028c6cf,000615,2
9d1a0c5a-e002-48a8-8a92-f83ecf5a0338.dat,narrowbanddrd,9d1a0c5a-e002-48a8-8a92-f83ecf5a0338,000616,2
9d7dc05a-d09b-4609-8fcb-6043af00e7bd.dat,narrowbanddrd,9d7dc05a-d09b-4609-8fcb-6043af00e7bd,000617,2
9d96762e-205d-4054-8cfa-ab0cd2363a93.dat,narrowband,9d96762e-205d-4054-8cfa-ab0cd2363a93,000618,1
9e2c537f-3fb5-4373-bc10-b57e99ba9b26.dat,squiggle,9e2c537f-3fb5-4373-bc10-b57e99ba9b26,000619,3
9e6685ea-7108-40bd-bcd4-a4157feea5e5.dat,noise,9e6685ea-7108-40bd-bcd4-a4157feea5e5,000620,0
9e69fe52-81b5-4d2b-927d-5e7df6559ff0.dat,narrowband,9e69fe52-81b5-4d2b-927d-5e7df6559ff0,000621,1
9ecb1733-ccbb-47b9-86c5-073f13f44b69.dat,noise,9ecb1733-ccbb-47b9-86c5-073f13f44b69,000622,0
9f08efec-4cdf-447d-bf52-10a3334fdb56.dat,squiggle,9f08efec-4cdf-447d-bf52-10a3334fdb56,000623,3
9fde86ae-891e-4223-a95a-fd63dc33f9b4.dat,narrowbanddrd,9fde86ae-891e-4223-a95a-fd63dc33f9b4,000624,2
9ff98ac7-52bb-4805-bb59-5bfd752a2d95.dat,noise,9ff98ac7-52bb-4805-bb59-5bfd752a2d95,000625,0
a007d4de-f8cf-42a8-8b53-006dc4aaa5e4.dat,squiggle,a007d4de-f8cf-42a8-8b53-006dc4aaa5e4,000626,3
a0495d60-3d69-4b5e-9704-3142eac85802.dat,noise,a0495d60-3d69-4b5e-9704-3142eac85802,000627,0
a0937787-3812-4e66-b68d-4dde5161097a.dat,noise,a0937787-3812-4e66-b68d-4dde5161097a,000628,0
a0c2e068-7a39-4bb5-94a6-827815564c97.dat,narrowband,a0c2e068-7a39-4bb5-94a6-827815564c97,000629,1
a10a05c9-c29e-4e32-92da-bbd75e0f708a.dat,squiggle,a10a05c9-c29e-4e32-92da-bbd75e0f708a,000630,3
a128eae5-99a2-4b3c-9fdf-fe5861f00c9e.dat,squiggle,a128eae5-99a2-4b3c-9fdf-fe5861f00c9e,000631,3
a13ab1db-b9b1-42c1-bbee-002605c2fc2b.dat,narrowband,a13ab1db-b9b1-42c1-bbee-002605c2fc2b,000632,1
a162e8bf-27c5-4448-87b0-750ecfc621df.dat,narrowband,a162e8bf-27c5-4448-87b0-750ecfc621df,000633,1
a16c75ba-5163-42c6-a727-c6ca76d2a274.dat,narrowband,a16c75ba-5163-42c6-a727-c6ca76d2a274,000634,1
a2047745-f64a-496e-a3bc-fe3e2b4322cc.dat,narrowbanddrd,a2047745-f64a-496e-a3bc-fe3e2b4322cc,000635,2
a22939ae-fad1-412f-a2dd-371a985d8299.dat,noise,a22939ae-fad1-412f-a2dd-371a985d8299,000636,0
a23ab1ea-0a85-4581-847c-42d1434ba74c.dat,squiggle,a23ab1ea-0a85-4581-847c-42d1434ba74c,000637,3
a25efdf1-59c9-4f97-8efd-14e0255e9108.dat,squiggle,a25efdf1-59c9-4f97-8efd-14e0255e9108,000638,3
a265dcd8-4ac9-4413-a7b3-f432b7acfa85.dat,noise,a265dcd8-4ac9-4413-a7b3-f432b7acfa85,000639,0
a26f207d-3d9a-40fb-8c6e-a3618ac5b7d4.dat,squiggle,a26f207d-3d9a-40fb-8c6e-a3618ac5b7d4,000640,3
a2cc338c-0631-401e-9e14-8b88f8dcc6ab.dat,squiggle,a2cc338c-0631-401e-9e14-8b88f8dcc6ab,000641,3
a2e3e06e-060b-4478-8694-dfa55b30ee86.dat,squiggle,a2e3e06e-060b-4478-8694-dfa55b30ee86,000642,3
a35a2b9f-057f-4991-a45c-e2d96f35de34.dat,narrowband,a35a2b9f-057f-4991-a45c-e2d96f35de34,000643,1
a3cd57bd-16f2-44d6-8d99-6433a7491fb1.dat,noise,a3cd57bd-16f2-44d6-8d99-6433a7491fb1,000644,0
a3da6776-7ae4-49bb-b4bb-7a20c30bb415.dat,narrowbanddrd,a3da6776-7ae4-49bb-b4bb-7a20c30bb415,000645,2
a4239592-a5b8-4db3-b859-c30a90229e8a.dat,noise,a4239592-a5b8-4db3-b859-c30a90229e8a,000646,0
a458d3f4-5d3c-4cee-b7cc-fe9c716cd4a2.dat,noise,a458d3f4-5d3c-4cee-b7cc-fe9c716cd4a2,000647,0
a48863d1-3253-4f30-a705-69b6b7991219.dat,squiggle,a48863d1-3253-4f30-a705-69b6b7991219,000648,3
a4af72b1-ef0e-4f79-8eab-4a8d79f058b8.dat,narrowband,a4af72b1-ef0e-4f79-8eab-4a8d79f058b8,000649,1
a4e7171e-2752-47fd-b2b8-f4cd05a2fcac.dat,narrowbanddrd,a4e7171e-2752-47fd-b2b8-f4cd05a2fcac,000650,2
a502c87e-6990-44dc-bb73-5590b1586ff0.dat,narrowband,a502c87e-6990-44dc-bb73-5590b1586ff0,000651,1
a528291c-ff3b-445f-bf6c-915501733226.dat,squiggle,a528291c-ff3b-445f-bf6c-915501733226,000652,3
a565de4f-accc-423a-a70f-d6fb6c7e6d98.dat,narrowband,a565de4f-accc-423a-a70f-d6fb6c7e6d98,000653,1
a670b549-ad5f-44ce-bd00-75c6262af917.dat,narrowband,a670b549-ad5f-44ce-bd00-75c6262af917,000654,1
a69bc6c5-8fe5-43e8-b9d3-785951f4fa37.dat,squiggle,a69bc6c5-8fe5-43e8-b9d3-785951f4fa37,000655,3
a6c8d6dc-fc50-45b7-a84e-839a402c0265.dat,narrowband,a6c8d6dc-fc50-45b7-a84e-839a402c0265,000656,1
a70f9a9b-f461-4212-9a06-e6e73bb31455.dat,noise,a70f9a9b-f461-4212-9a06-e6e73bb31455,000657,0
a7632ced-6e79-4b51-b79d-d64d35a24e26.dat,noise,a7632ced-6e79-4b51-b79d-d64d35a24e26,000658,0
a7c566f9-acb6-41ef-91a1-3c803c856302.dat,narrowbanddrd,a7c566f9-acb6-41ef-91a1-3c803c856302,000659,2
a80fb98f-3c91-4163-9e34-6afaa3d85a96.dat,narrowbanddrd,a80fb98f-3c91-4163-9e34-6afaa3d85a96,000660,2
a8453bbe-b461-4a64-9fb0-255f430f35f9.dat,noise,a8453bbe-b461-4a64-9fb0-255f430f35f9,000661,0
a8dc9601-cc8f-4f73-91c1-d211865709e8.dat,squiggle,a8dc9601-cc8f-4f73-91c1-d211865709e8,000662,3
a8fa33e1-4100-4d84-a12d-a78f5d5d90e0.dat,narrowband,a8fa33e1-4100-4d84-a12d-a78f5d5d90e0,000663,1
a927eefd-3934-47d4-8cd9-44c7b9e1ab18.dat,narrowbanddrd,a927eefd-3934-47d4-8cd9-44c7b9e1ab18,000664,2
a92ef2bc-b6d3-4cc1-b999-f0395f4b48bf.dat,noise,a92ef2bc-b6d3-4cc1-b999-f0395f4b48bf,000665,0
a9ad8241-5d80-4ac1-8946-2736f9dbb5d5.dat,squiggle,a9ad8241-5d80-4ac1-8946-2736f9dbb5d5,000666,3
a9d54e67-3548-48c7-bf06-bc8ca3885afa.dat,noise,a9d54e67-3548-48c7-bf06-bc8ca3885afa,000667,0
aa167936-b45c-4594-b73c-6ef50d7a2440.dat,narrowbanddrd,aa167936-b45c-4594-b73c-6ef50d7a2440,000668,2
aa1af8b8-8e39-4730-b164-bb3a740a700e.dat,narrowbanddrd,aa1af8b8-8e39-4730-b164-bb3a740a700e,000669,2
aa420d9a-94c5-4f6a-b1dd-0bf75a929635.dat,narrowbanddrd,aa420d9a-94c5-4f6a-b1dd-0bf75a929635,000670,2
aa868b9c-2bd3-4265-8a81-3af739b9e031.dat,narrowband,aa868b9c-2bd3-4265-8a81-3af739b9e031,000671,1
aaa04395-b983-4bef-98a4-ec945969dce9.dat,squiggle,aaa04395-b983-4bef-98a4-ec945969dce9,000672,3
aaa18726-c288-4e92-bce5-027b7eafcd13.dat,narrowband,aaa18726-c288-4e92-bce5-027b7eafcd13,000673,1
ab424bab-726a-4aa2-86b6-556f03a93cf3.dat,noise,ab424bab-726a-4aa2-86b6-556f03a93cf3,000674,0
ab522fb5-48e0-4162-9b10-6d04e037a156.dat,noise,ab522fb5-48e0-4162-9b10-6d04e037a156,000675,0
ab697dd2-ecd1-4df2-ad10-5f63c9ba83cd.dat,narrowbanddrd,ab697dd2-ecd1-4df2-ad10-5f63c9ba83cd,000676,2
abab9ba8-c940-436a-b921-06098a63769e.dat,narrowbanddrd,abab9ba8-c940-436a-b921-06098a63769e,000677,2
abb193dd-0450-4265-bb3f-af01a1f12e97.dat,noise,abb193dd-0450-4265-bb3f-af01a1f12e97,000678,0
ac5d6c14-b844-41fd-b3dc-e6cb78f3a501.dat,narrowband,ac5d6c14-b844-41fd-b3dc-e6cb78f3a501,000679,1
ac6e60d1-c81f-47b6-bc6f-98b0b24a6546.dat,narrowbanddrd,ac6e60d1-c81f-47b6-bc6f-98b0b24a6546,000680,2
ac870256-2d7b-401a-8b71-b9b02d268975.dat,narrowband,ac870256-2d7b-401a-8b71-b9b02d268975,000681,1
acbd85d7-edfd-4f6d-b381-8f7fbc5ac5cc.dat,narrowbanddrd,acbd85d7-edfd-4f6d-b381-8f7fbc5ac5cc,000682,2
ad268853-ffb1-4fec-a071-2a046f8b1a8c.dat,squiggle,ad268853-ffb1-4fec-a071-2a046f8b1a8c,000683,3
ad3e88d0-705e-4fea-91b4-3a9ac5533913.dat,narrowband,ad3e88d0-705e-4fea-91b4-3a9ac5533913,000684,1
ada6afb2-a63f-46bd-9db6-d08afdbd78a7.dat,narrowbanddrd,ada6afb2-a63f-46bd-9db6-d08afdbd78a7,000685,2
ade6021e-897f-4a5a-9161-d82e3f0b531b.dat,noise,ade6021e-897f-4a5a-9161-d82e3f0b531b,000686,0
ae2e9008-aa1f-4770-8ba3-332064c5aa8e.dat,narrowband,ae2e9008-aa1f-4770-8ba3-332064c5aa8e,000687,1
ae648870-9af1-4b5e-b897-7275946663e4.dat,narrowbanddrd,ae648870-9af1-4b5e-b897-7275946663e4,000688,2
ae8995a5-775c-48bd-a4bb-3699418745e6.dat,narrowbanddrd,ae8995a5-775c-48bd-a4bb-3699418745e6,000689,2
aeb4323c-8034-4483-b934-0efe434fd231.dat,squiggle,aeb4323c-8034-4483-b934-0efe434fd231,000690,3
af588303-adaa-4e38-8dce-987eaf73f2fe.dat,narrowbanddrd,af588303-adaa-4e38-8dce-987eaf73f2fe,000691,2
afcbcdf8-3000-4880-a9fa-23916aa6b15c.dat,narrowband,afcbcdf8-3000-4880-a9fa-23916aa6b15c,000692,1
afeddab4-c3bd-47d4-9745-925c061035d7.dat,squiggle,afeddab4-c3bd-47d4-9745-925c061035d7,000693,3
aff8567a-079d-488a-9758-97eecd54d8c2.dat,narrowbanddrd,aff8567a-079d-488a-9758-97eecd54d8c2,000694,2
afff398a-bce0-44ff-b785-4d4100c497d5.dat,squiggle,afff398a-bce0-44ff-b785-4d4100c497d5,000695,3
b05a7664-34f1-4512-9d1c-5490995262e9.dat,narrowband,b05a7664-34f1-4512-9d1c-5490995262e9,000696,1
b0716e8c-a7b6-43a9-b29f-214545b41335.dat,noise,b0716e8c-a7b6-43a9-b29f-214545b41335,000697,0
b0c76621-b773-400c-b7c5-25d9eada8d83.dat,narrowbanddrd,b0c76621-b773-400c-b7c5-25d9eada8d83,000698,2
b101fa25-ca0d-4e66-976b-fee1e72711d3.dat,narrowband,b101fa25-ca0d-4e66-976b-fee1e72711d3,000699,1
b1378b9c-3934-4bc4-884d-aaa13b092109.dat,noise,b1378b9c-3934-4bc4-884d-aaa13b092109,000700,0
b19ef895-9e04-4c87-961d-dd7328447c32.dat,squiggle,b19ef895-9e04-4c87-961d-dd7328447c32,000701,3
b1aa1e6b-4045-41cb-9676-b03f1cc01349.dat,noise,b1aa1e6b-4045-41cb-9676-b03f1cc01349,000702,0
b1b0734b-4fe3-4909-a5ac-148e1f5ec5e4.dat,noise,b1b0734b-4fe3-4909-a5ac-148e1f5ec5e4,000703,0
b1c084b0-0fc6-422d-8338-191712ba3aaa.dat,narrowband,b1c084b0-0fc6-422d-8338-191712ba3aaa,000704,1
b20b82dd-4163-4765-9e23-71658d35bcd7.dat,noise,b20b82dd-4163-4765-9e23-71658d35bcd7,000705,0
b2356a80-754b-4e09-a38f-d7542c5c5931.dat,noise,b2356a80-754b-4e09-a38f-d7542c5c5931,000706,0
b25261ef-186c-49a8-bf11-f3c99775a239.dat,noise,b25261ef-186c-49a8-bf11-f3c99775a239,000707,0
b29e1952-c741-4a31-a7df-8021a0eaa9e8.dat,noise,b29e1952-c741-4a31-a7df-8021a0eaa9e8,000708,0
b3164248-4d24-46df-a716-6ae654663433.dat,squiggle,b3164248-4d24-46df-a716-6ae654663433,000709,3
b31fbd41-9b18-46d1-b772-b95c179c4324.dat,narrowbanddrd,b31fbd41-9b18-46d1-b772-b95c179c4324,000710,2
b341a970-362a-462b-98a7-7d00ee380f66.dat,narrowbanddrd,b341a970-362a-462b-98a7-7d00ee380f66,000711,2
b382e67e-f0aa-43fd-85ef-ea4f8dfd1b20.dat,narrowbanddrd,b382e67e-f0aa-43fd-85ef-ea4f8dfd1b20,000712,2
b3d77609-0d63-494b-8744-209310ce9ae8.dat,noise,b3d77609-0d63-494b-8744-209310ce9ae8,000713,0
b431de2c-b631-4ac9-979f-6e540798b8c9.dat,narrowbanddrd,b431de2c-b631-4ac9-979f-6e540798b8c9,000714,2
b4cb4070-e072-485a-b30f-9d864548f88a.dat,narrowbanddrd,b4cb4070-e072-485a-b30f-9d864548f88a,000715,2
b50db16d-b66f-4e9b-a528-943c1259f322.dat,squiggle,b50db16d-b66f-4e9b-a528-943c1259f322,000716,3
b600d4cc-f666-4238-8a6b-5160b30d9d4d.dat,squiggle,b600d4cc-f666-4238-8a6b-5160b30d9d4d,000717,3
b67ea735-c6e3-4989-bd68-27ab853e0e66.dat,narrowbanddrd,b67ea735-c6e3-4989-bd68-27ab853e0e66,000718,2
b7488f31-8c93-482f-8997-63d3cd399753.dat,squiggle,b7488f31-8c93-482f-8997-63d3cd399753,000719,3
b796da45-ff02-41dd-9baa-c564fe64d269.dat,noise,b796da45-ff02-41dd-9baa-c564fe64d269,000720,0
b814075f-463c-458d-a1e7-ab686195ac18.dat,narrowband,b814075f-463c-458d-a1e7-ab686195ac18,000721,1
b86dff89-1f05-4ffb-a46c-1678b897a0c2.dat,noise,b86dff89-1f05-4ffb-a46c-1678b897a0c2,000722,0
b8d99ae7-2d36-43c1-ba94-aa5b3a302ce0.dat,noise,b8d99ae7-2d36-43c1-ba94-aa5b3a302ce0,000723,0
b8e91327-b853-4999-b660-a2741082c56c.dat,narrowbanddrd,b8e91327-b853-4999-b660-a2741082c56c,000724,2
b9152580-923d-4a02-9ad0-78f6c625d250.dat,narrowband,b9152580-923d-4a02-9ad0-78f6c625d250,000725,1
b915fb10-4fc5-48fd-a516-9245acec4b2f.dat,noise,b915fb10-4fc5-48fd-a516-9245acec4b2f,000726,0
b9161638-1be5-4685-8dc8-4c4bfe88100c.dat,narrowbanddrd,b9161638-1be5-4685-8dc8-4c4bfe88100c,000727,2
ba3aa911-b3fb-4993-b868-733a40aea9b1.dat,noise,ba3aa911-b3fb-4993-b868-733a40aea9b1,000728,0
ba4c48fe-9a1d-4e09-b138-626d11b04287.dat,squiggle,ba4c48fe-9a1d-4e09-b138-626d11b04287,000729,3
ba9e077f-7a03-4a40-b6f8-93c6f8c50ca4.dat,squiggle,ba9e077f-7a03-4a40-b6f8-93c6f8c50ca4,000730,3
baa8d409-1592-44fb-8149-ed3dea8e93fe.dat,narrowband,baa8d409-1592-44fb-8149-ed3dea8e93fe,000731,1
baddfc12-f6d5-43da-aa42-dd91a8912ab5.dat,noise,baddfc12-f6d5-43da-aa42-dd91a8912ab5,000732,0
bc666208-d1a8-4225-ae8b-c564c602421b.dat,narrowbanddrd,bc666208-d1a8-4225-ae8b-c564c602421b,000733,2
bcdf0e4b-d35b-46ab-870e-e46a763b20c5.dat,narrowband,bcdf0e4b-d35b-46ab-870e-e46a763b20c5,000734,1
bce06cd2-d249-46ae-a243-a732e472800f.dat,narrowband,bce06cd2-d249-46ae-a243-a732e472800f,000735,1
bd91ad7c-7891-47e1-9385-eee6dda65715.dat,noise,bd91ad7c-7891-47e1-9385-eee6dda65715,000736,0
bdeec6ae-8ac2-4a4c-9aab-aa3be69f1365.dat,narrowbanddrd,bdeec6ae-8ac2-4a4c-9aab-aa3be69f1365,000737,2
bdeede28-85d3-4965-ba0b-60b240387f45.dat,squiggle,bdeede28-85d3-4965-ba0b-60b240387f45,000738,3
be4d3e3e-fe47-4aaf-868b-7954883967ba.dat,noise,be4d3e3e-fe47-4aaf-868b-7954883967ba,000739,0
beb9948f-e4f4-484b-88ee-ab0fa78514d2.dat,noise,beb9948f-e4f4-484b-88ee-ab0fa78514d2,000740,0
becb06e0-48d8-4db8-9153-ab0827b74175.dat,squiggle,becb06e0-48d8-4db8-9153-ab0827b74175,000741,3
bee7eea8-3d3c-4f05-8466-71bfc9dc94f8.dat,narrowband,bee7eea8-3d3c-4f05-8466-71bfc9dc94f8,000742,1
bf2b2c8d-ac73-445b-a10a-cf252c62eba3.dat,squiggle,bf2b2c8d-ac73-445b-a10a-cf252c62eba3,000743,3
bf69a875-1cc5-44a2-bfae-3c105a03edf4.dat,narrowband,bf69a875-1cc5-44a2-bfae-3c105a03edf4,000744,1
bff113fc-2937-4a73-a005-0da508408d6b.dat,squiggle,bff113fc-2937-4a73-a005-0da508408d6b,000745,3
c0477c03-0826-43c5-85ad-67894fedfdf9.dat,narrowband,c0477c03-0826-43c5-85ad-67894fedfdf9,000746,1
c06728f7-947a-4ae7-9201-bb00efa70364.dat,noise,c06728f7-947a-4ae7-9201-bb00efa70364,000747,0
c215fd47-4ca7-46df-9a2c-c55441e20801.dat,noise,c215fd47-4ca7-46df-9a2c-c55441e20801,000748,0
c2b91a43-4b38-4a53-9aec-82980e24d888.dat,noise,c2b91a43-4b38-4a53-9aec-82980e24d888,000749,0
c319e781-6dfd-4b7a-a5c2-be8226a2fc26.dat,narrowband,c319e781-6dfd-4b7a-a5c2-be8226a2fc26,000750,1
c34ff92f-a535-46d7-a6a9-304a3732a439.dat,narrowbanddrd,c34ff92f-a535-46d7-a6a9-304a3732a439,000751,2
c3c5998d-76d9-4a3c-ad07-2b5da08f030b.dat,squiggle,c3c5998d-76d9-4a3c-ad07-2b5da08f030b,000752,3
c3e10c63-9183-49c4-9015-a822087ad334.dat,narrowbanddrd,c3e10c63-9183-49c4-9015-a822087ad334,000753,2
c45fd56b-704a-4e5a-a473-fff76db6f81b.dat,noise,c45fd56b-704a-4e5a-a473-fff76db6f81b,000754,0
c46c63da-6d3b-4c4c-a2f9-6d7e0ac750a8.dat,narrowband,c46c63da-6d3b-4c4c-a2f9-6d7e0ac750a8,000755,1
c4a2d0aa-2b35-4a31-881f-cc3d75b1b08b.dat,narrowband,c4a2d0aa-2b35-4a31-881f-cc3d75b1b08b,000756,1
c4e20de6-407c-4204-af62-60556480da01.dat,narrowbanddrd,c4e20de6-407c-4204-af62-60556480da01,000757,2
c57da4d5-dfdd-4cf8-a447-9796331d57c7.dat,narrowbanddrd,c57da4d5-dfdd-4cf8-a447-9796331d57c7,000758,2
c57fd6b6-2c3e-4574-92e0-08c3fd16f4bd.dat,narrowband,c57fd6b6-2c3e-4574-92e0-08c3fd16f4bd,000759,1
c5c4d936-6ede-4fb3-9844-d3e8fc24283b.dat,narrowbanddrd,c5c4d936-6ede-4fb3-9844-d3e8fc24283b,000760,2
c5f59dfa-b829-4938-9ac3-a1de173f02bc.dat,noise,c5f59dfa-b829-4938-9ac3-a1de173f02bc,000761,0
c6ae15e5-fbfa-4ab3-979e-390abbc9003c.dat,narrowbanddrd,c6ae15e5-fbfa-4ab3-979e-390abbc9003c,000762,2
c701848d-f422-40fd-a862-ab8fad442b27.dat,noise,c701848d-f422-40fd-a862-ab8fad442b27,000763,0
c70b213a-ed01-4a6d-8d8c-a70ed45ba16b.dat,noise,c70b213a-ed01-4a6d-8d8c-a70ed45ba16b,000764,0
c71c7b8b-01ff-4779-b2c8-01735497e26d.dat,narrowband,c71c7b8b-01ff-4779-b2c8-01735497e26d,000765,1
c78d89a7-a46d-4f4f-9563-2487dec28d9d.dat,noise,c78d89a7-a46d-4f4f-9563-2487dec28d9d,000766,0
c7968975-3fab-46c7-beb6-52abec53a421.dat,narrowbanddrd,c7968975-3fab-46c7-beb6-52abec53a421,000767,2
c7b8b889-82a8-4f72-a65f-5c2925009887.dat,noise,c7b8b889-82a8-4f72-a65f-5c2925009887,000768,0
c7c9b269-4b4a-46cf-bde7-ca07c1b7a97d.dat,narrowbanddrd,c7c9b269-4b4a-46cf-bde7-ca07c1b7a97d,000769,2
c8086b1a-6525-4a47-ae62-395ed170e508.dat,narrowbanddrd,c8086b1a-6525-4a47-ae62-395ed170e508,000770,2
c8149439-56ce-4964-9c90-ba6173a59a8f.dat,noise,c8149439-56ce-4964-9c90-ba6173a59a8f,000771,0
c8623b1a-513b-4d90-bac1-718d5efcae36.dat,squiggle,c8623b1a-513b-4d90-bac1-718d5efcae36,000772,3
c86405f6-8d60-4e8b-8e1d-c21c22dde9ab.dat,noise,c86405f6-8d60-4e8b-8e1d-c21c22dde9ab,000773,0
c8c25f7b-5b05-4669-803e-c1189bca83a7.dat,narrowband,c8c25f7b-5b05-4669-803e-c1189bca83a7,000774,1
c8d1d20a-1453-42d5-a6e0-79434bcffabb.dat,squiggle,c8d1d20a-1453-42d5-a6e0-79434bcffabb,000775,3
c93bbfef-f28e-4c9f-880d-ebe261895a65.dat,narrowband,c93bbfef-f28e-4c9f-880d-ebe261895a65,000776,1
c94412f2-87f2-48c1-b742-5cb2a89a01fe.dat,narrowbanddrd,c94412f2-87f2-48c1-b742-5cb2a89a01fe,000777,2
c98c6cd5-13fe-4c7b-9428-fcabae60b104.dat,squiggle,c98c6cd5-13fe-4c7b-9428-fcabae60b104,000778,3
c9bc0ceb-70a9-4eca-b022-a650e006f78f.dat,narrowbanddrd,c9bc0ceb-70a9-4eca-b022-a650e006f78f,000779,2
c9c552ad-7296-4d6e-88b1-127ef1a83411.dat,narrowband,c9c552ad-7296-4d6e-88b1-127ef1a83411,000780,1
c9c66680-3271-4da3-ae89-19c30ef41363.dat,narrowband,c9c66680-3271-4da3-ae89-19c30ef41363,000781,1
ca2a2401-c371-48ba-bc91-ef57f1d0d59f.dat,narrowband,ca2a2401-c371-48ba-bc91-ef57f1d0d59f,000782,1
ca9c55ef-f734-40b4-8cb4-4a60774b1abc.dat,noise,ca9c55ef-f734-40b4-8cb4-4a60774b1abc,000783,0
cab0ac2f-5b56-4b1b-b5e5-e3e9cd0e822d.dat,noise,cab0ac2f-5b56-4b1b-b5e5-e3e9cd0e822d,000784,0
cac31ea8-cb89-4c17-8832-d5d241aa1ec0.dat,squiggle,cac31ea8-cb89-4c17-8832-d5d241aa1ec0,000785,3
cb6c5a47-6fe8-4c3d-a784-4ef9ff23ccdd.dat,narrowband,cb6c5a47-6fe8-4c3d-a784-4ef9ff23ccdd,000786,1
cbd6b54e-61a0-44b1-92cd-bf9f180718bf.dat,squiggle,cbd6b54e-61a0-44b1-92cd-bf9f180718bf,000787,3
cbee1df2-8e0d-41c4-a99e-6b4ce7856d24.dat,narrowbanddrd,cbee1df2-8e0d-41c4-a99e-6b4ce7856d24,000788,2
cc210fe8-aa77-4968-a2c3-4abd3e26f8db.dat,narrowbanddrd,cc210fe8-aa77-4968-a2c3-4abd3e26f8db,000789,2
cc25f85e-9831-483b-8e89-fd654912af1e.dat,narrowbanddrd,cc25f85e-9831-483b-8e89-fd654912af1e,000790,2
cc369615-4c38-442c-aaf3-0dc7eb7b04a9.dat,squiggle,cc369615-4c38-442c-aaf3-0dc7eb7b04a9,000791,3
cc51e9f6-9c70-4a81-b4ab-52e395eebd71.dat,squiggle,cc51e9f6-9c70-4a81-b4ab-52e395eebd71,000792,3
cc8107c5-e64f-4510-bea9-3e2583e9dc6b.dat,noise,cc8107c5-e64f-4510-bea9-3e2583e9dc6b,000793,0
cc9f6688-9d8e-4528-b65d-9b75fcd3b8e5.dat,squiggle,cc9f6688-9d8e-4528-b65d-9b75fcd3b8e5,000794,3
ce29e044-933c-4940-a02e-f7e68e509e9f.dat,squiggle,ce29e044-933c-4940-a02e-f7e68e509e9f,000795,3
ce35e4c9-a415-454f-b544-a52178f3fdd0.dat,narrowbanddrd,ce35e4c9-a415-454f-b544-a52178f3fdd0,000796,2
cf32d976-9f10-4963-828f-65e25d151c2a.dat,narrowbanddrd,cf32d976-9f10-4963-828f-65e25d151c2a,000797,2
cf47e0a5-7f80-4be5-8a55-cf3135566b7d.dat,squiggle,cf47e0a5-7f80-4be5-8a55-cf3135566b7d,000798,3
cf8afd16-994b-4964-9ad7-719319475722.dat,narrowband,cf8afd16-994b-4964-9ad7-719319475722,000799,1
cf8f5018-06fa-48a3-ae78-ff3108038d3c.dat,noise,cf8f5018-06fa-48a3-ae78-ff3108038d3c,000800,0
cfd92eaf-17ca-44e2-939f-f274b677e1c1.dat,narrowbanddrd,cfd92eaf-17ca-44e2-939f-f274b677e1c1,000801,2
cffa94d7-f380-4a9f-9117-2df6143312ff.dat,squiggle,cffa94d7-f380-4a9f-9117-2df6143312ff,000802,3
cffe59a5-1ed1-4b1e-95b4-b4c49d83c1c0.dat,noise,cffe59a5-1ed1-4b1e-95b4-b4c49d83c1c0,000803,0
d027f0e4-c6c3-4653-93c6-264b35dc46ca.dat,narrowband,d027f0e4-c6c3-4653-93c6-264b35dc46ca,000804,1
d0947760-7c82-4b23-96b8-c9a1b3b2e915.dat,narrowbanddrd,d0947760-7c82-4b23-96b8-c9a1b3b2e915,000805,2
d0af146d-7f04-4694-bdf6-ee8b36ab4c25.dat,narrowbanddrd,d0af146d-7f04-4694-bdf6-ee8b36ab4c25,000806,2
d0c8d44d-fa6c-4468-a03e-6a093cc4cee5.dat,narrowbanddrd,d0c8d44d-fa6c-4468-a03e-6a093cc4cee5,000807,2
d0ed0b67-18cd-4ad1-a541-e4342cefc44f.dat,squiggle,d0ed0b67-18cd-4ad1-a541-e4342cefc44f,000808,3
d169fc3d-f177-4983-9b1b-6183804617d0.dat,narrowbanddrd,d169fc3d-f177-4983-9b1b-6183804617d0,000809,2
d1b50251-e368-4bc6-99a4-e420404edb03.dat,narrowband,d1b50251-e368-4bc6-99a4-e420404edb03,000810,1
d256123b-2aac-4b63-8716-66281f66c592.dat,noise,d256123b-2aac-4b63-8716-66281f66c592,000811,0
d2583758-8717-4d49-83fc-d2c8dbf452d8.dat,narrowband,d2583758-8717-4d49-83fc-d2c8dbf452d8,000812,1
d2b8f1ea-3d36-407b-ae84-065a09477153.dat,narrowbanddrd,d2b8f1ea-3d36-407b-ae84-065a09477153,000813,2
d35d17ba-a27c-4134-9c98-a5897fcfe541.dat,noise,d35d17ba-a27c-4134-9c98-a5897fcfe541,000814,0
d37468c5-de0f-48a9-8fa9-7218f9d5653f.dat,squiggle,d37468c5-de0f-48a9-8fa9-7218f9d5653f,000815,3
d3d5542c-b61e-4358-b22f-3c9ed65b9fa1.dat,noise,d3d5542c-b61e-4358-b22f-3c9ed65b9fa1,000816,0
d43d0213-355f-4b67-b575-c1e9f9595c18.dat,narrowbanddrd,d43d0213-355f-4b67-b575-c1e9f9595c18,000817,2
d4685f11-d8f9-4220-bde4-5bca9d589890.dat,narrowbanddrd,d4685f11-d8f9-4220-bde4-5bca9d589890,000818,2
d46b710e-f6fb-4b1f-904a-e2b25b4fbb5a.dat,squiggle,d46b710e-f6fb-4b1f-904a-e2b25b4fbb5a,000819,3
d46ca142-6f98-498a-bb0f-3f0750cced66.dat,squiggle,d46ca142-6f98-498a-bb0f-3f0750cced66,000820,3
d4a2146b-4472-459f-a837-93a750b39b20.dat,narrowbanddrd,d4a2146b-4472-459f-a837-93a750b39b20,000821,2
d515fa28-aa8e-43b3-860c-36688f231a8e.dat,squiggle,d515fa28-aa8e-43b3-860c-36688f231a8e,000822,3
d522fcb3-8393-4582-be9c-dbf02f54f0d5.dat,squiggle,d522fcb3-8393-4582-be9c-dbf02f54f0d5,000823,3
d52e4e1c-9c2f-442a-84ea-acc6a4d7ecc2.dat,narrowband,d52e4e1c-9c2f-442a-84ea-acc6a4d7ecc2,000824,1
d58706a6-4469-4b6d-b02e-48c50164ec57.dat,squiggle,d58706a6-4469-4b6d-b02e-48c50164ec57,000825,3
d58e3c30-1cf3-4344-b9da-76d914f1bde6.dat,narrowbanddrd,d58e3c30-1cf3-4344-b9da-76d914f1bde6,000826,2
d5aa35f7-be8a-4af1-a0b2-5c81e168e5c4.dat,noise,d5aa35f7-be8a-4af1-a0b2-5c81e168e5c4,000827,0
d6104e73-7a74-4d15-9e8d-c3211c9836c5.dat,narrowbanddrd,d6104e73-7a74-4d15-9e8d-c3211c9836c5,000828,2
d67f1bdf-d2ae-4625-85e5-5b243569f479.dat,squiggle,d67f1bdf-d2ae-4625-85e5-5b243569f479,000829,3
d6af6948-bf19-4a4a-8ced-889c337c61cb.dat,squiggle,d6af6948-bf19-4a4a-8ced-889c337c61cb,000830,3
d6ba0b43-6f6f-4c15-9ca5-b5935b4af59a.dat,squiggle,d6ba0b43-6f6f-4c15-9ca5-b5935b4af59a,000831,3
d6febb25-3abb-4dac-96df-5ad088284b08.dat,narrowbanddrd,d6febb25-3abb-4dac-96df-5ad088284b08,000832,2
d759bd36-d4aa-4e73-83c2-841d99ad2ba2.dat,squiggle,d759bd36-d4aa-4e73-83c2-841d99ad2ba2,000833,3
d7ca77e1-ac71-42fd-8d37-89f53918cdac.dat,narrowband,d7ca77e1-ac71-42fd-8d37-89f53918cdac,000834,1
d7ecee5f-0df0-4ce4-979d-a2061d2a5a98.dat,narrowband,d7ecee5f-0df0-4ce4-979d-a2061d2a5a98,000835,1
d8158b47-93d8-43f5-ad39-8a77bc6d5cfb.dat,narrowbanddrd,d8158b47-93d8-43f5-ad39-8a77bc6d5cfb,000836,2
d83d2fb7-06e9-42bc-86fe-baa5a119f6c8.dat,noise,d83d2fb7-06e9-42bc-86fe-baa5a119f6c8,000837,0
d8b34b35-e672-47fe-ba61-d6b2150b8cbb.dat,narrowbanddrd,d8b34b35-e672-47fe-ba61-d6b2150b8cbb,000838,2
d8edc165-e3c5-4e30-a353-ece2bcf72f03.dat,narrowband,d8edc165-e3c5-4e30-a353-ece2bcf72f03,000839,1
d99dc7f6-4630-42de-9cdd-6aab45e077e3.dat,narrowbanddrd,d99dc7f6-4630-42de-9cdd-6aab45e077e3,000840,2
d9b47455-97b3-4362-946f-8e5c53a08899.dat,squiggle,d9b47455-97b3-4362-946f-8e5c53a08899,000841,3
d9b51b5f-daa8-4c04-b200-1b2831d75f11.dat,narrowband,d9b51b5f-daa8-4c04-b200-1b2831d75f11,000842,1
d9c02798-a32c-4422-bcc5-9f57733b11cb.dat,noise,d9c02798-a32c-4422-bcc5-9f57733b11cb,000843,0
d9e27c8c-3b5f-4749-b236-38c71d2684ca.dat,narrowband,d9e27c8c-3b5f-4749-b236-38c71d2684ca,000844,1
d9eadd0f-3df4-45e1-8311-7c4c43cea4da.dat,narrowband,d9eadd0f-3df4-45e1-8311-7c4c43cea4da,000845,1
da467f3a-ea64-432a-b39f-34e52ebe1a69.dat,narrowbanddrd,da467f3a-ea64-432a-b39f-34e52ebe1a69,000846,2
da98fa85-1d3a-49cc-8988-58c14ffc40e2.dat,noise,da98fa85-1d3a-49cc-8988-58c14ffc40e2,000847,0
db230439-5861-4781-8b8e-4786b0859d8b.dat,narrowbanddrd,db230439-5861-4781-8b8e-4786b0859d8b,000848,2
db9d2f58-7cb6-4ed5-a734-e2c219b54998.dat,narrowband,db9d2f58-7cb6-4ed5-a734-e2c219b54998,000849,1
dbe75905-2dd6-4de3-a566-3fe6b2f2b16a.dat,squiggle,dbe75905-2dd6-4de3-a566-3fe6b2f2b16a,000850,3
dc17e114-ced7-4981-a701-3adc870f1e57.dat,narrowbanddrd,dc17e114-ced7-4981-a701-3adc870f1e57,000851,2
dcf298e3-68c3-4967-8938-ad8ddaa26939.dat,squiggle,dcf298e3-68c3-4967-8938-ad8ddaa26939,000852,3
dcf33359-2445-4bbd-b098-5a789f8489ee.dat,narrowband,dcf33359-2445-4bbd-b098-5a789f8489ee,000853,1
dd27d05b-bad0-42ec-85e4-e9ec88c6aca6.dat,narrowbanddrd,dd27d05b-bad0-42ec-85e4-e9ec88c6aca6,000854,2
dd43c0a5-56b4-4dce-8f67-cf02b9c343c8.dat,noise,dd43c0a5-56b4-4dce-8f67-cf02b9c343c8,000855,0
dd52df8d-1656-400e-b53b-aaf71d4e7c94.dat,noise,dd52df8d-1656-400e-b53b-aaf71d4e7c94,000856,0
dd5c4e55-f40f-44bf-9d2a-66361c8dd931.dat,narrowbanddrd,dd5c4e55-f40f-44bf-9d2a-66361c8dd931,000857,2
dd8350c9-21a3-4951-84ed-98780a1b1f02.dat,narrowband,dd8350c9-21a3-4951-84ed-98780a1b1f02,000858,1
dd86b1c0-efae-4b71-82ba-afe5f215f1b5.dat,narrowbanddrd,dd86b1c0-efae-4b71-82ba-afe5f215f1b5,000859,2
dd95af19-1aff-444a-b6a0-f68f91619af6.dat,noise,dd95af19-1aff-444a-b6a0-f68f91619af6,000860,0
dd9be269-e27e-4efd-bfbd-efa272756ccb.dat,noise,dd9be269-e27e-4efd-bfbd-efa272756ccb,000861,0
ddca93e3-dccf-428d-a82f-2047ececaee7.dat,narrowbanddrd,ddca93e3-dccf-428d-a82f-2047ececaee7,000862,2
ddce32ea-ca40-4b10-950e-d4dec319d6ca.dat,noise,ddce32ea-ca40-4b10-950e-d4dec319d6ca,000863,0
de09b723-ce6f-4ea4-9283-e311aacb343e.dat,noise,de09b723-ce6f-4ea4-9283-e311aacb343e,000864,0
deb09bea-985c-47df-ab5d-4b7891dad3bf.dat,narrowband,deb09bea-985c-47df-ab5d-4b7891dad3bf,000865,1
def544dd-d76b-4894-8141-97ab632d55e1.dat,squiggle,def544dd-d76b-4894-8141-97ab632d55e1,000866,3
df0cfe6d-97fb-42de-b111-d956debc03ac.dat,noise,df0cfe6d-97fb-42de-b111-d956debc03ac,000867,0
df5ea05a-392e-423a-a9d7-88b29f63342c.dat,narrowbanddrd,df5ea05a-392e-423a-a9d7-88b29f63342c,000868,2
df923720-4d65-4430-83c6-753af3972c70.dat,squiggle,df923720-4d65-4430-83c6-753af3972c70,000869,3
e0982b0f-ce35-47a9-8439-01c5532e12ee.dat,squiggle,e0982b0f-ce35-47a9-8439-01c5532e12ee,000870,3
e0e07776-e80e-499d-a168-d3c1a23fca8b.dat,noise,e0e07776-e80e-499d-a168-d3c1a23fca8b,000871,0
e129d932-02b8-4bd6-8ec4-c776cb29e474.dat,noise,e129d932-02b8-4bd6-8ec4-c776cb29e474,000872,0
e16980eb-ba48-4be9-bf7f-a97c3829fc97.dat,squiggle,e16980eb-ba48-4be9-bf7f-a97c3829fc97,000873,3
e16c613b-298b-4065-8ec3-d402c3ebf2d8.dat,narrowbanddrd,e16c613b-298b-4065-8ec3-d402c3ebf2d8,000874,2
e1c16a15-dadf-419e-8823-47486fabb6b0.dat,narrowbanddrd,e1c16a15-dadf-419e-8823-47486fabb6b0,000875,2
e1c7c0e1-0538-4b2d-9ebd-965d8dd222e2.dat,squiggle,e1c7c0e1-0538-4b2d-9ebd-965d8dd222e2,000876,3
e1eb0aab-ba6c-40c8-921b-e353ae3f0532.dat,narrowband,e1eb0aab-ba6c-40c8-921b-e353ae3f0532,000877,1
e1ee15ec-a208-40ba-a242-a10e548c0aea.dat,narrowband,e1ee15ec-a208-40ba-a242-a10e548c0aea,000878,1
e1eed735-ed73-46ff-b0fa-6f54ff0d9abf.dat,noise,e1eed735-ed73-46ff-b0fa-6f54ff0d9abf,000879,0
e2712f7e-8e95-4ce9-aa99-a9aad8256ebe.dat,narrowbanddrd,e2712f7e-8e95-4ce9-aa99-a9aad8256ebe,000880,2
e2951271-df75-4d5b-aefe-2a1238aca396.dat,squiggle,e2951271-df75-4d5b-aefe-2a1238aca396,000881,3
e2b32efa-b338-4f10-af93-f979cf4dd45d.dat,noise,e2b32efa-b338-4f10-af93-f979cf4dd45d,000882,0
e30f7f40-1786-4698-b207-3785e1a5cce2.dat,narrowband,e30f7f40-1786-4698-b207-3785e1a5cce2,000883,1
e3116c43-4ee4-41b2-a74b-9d38fa03f637.dat,narrowbanddrd,e3116c43-4ee4-41b2-a74b-9d38fa03f637,000884,2
e350813b-0abf-4300-91eb-b75f317ffebd.dat,squiggle,e350813b-0abf-4300-91eb-b75f317ffebd,000885,3
e37566d3-2af0-47a2-a7a2-c093705462ed.dat,narrowbanddrd,e37566d3-2af0-47a2-a7a2-c093705462ed,000886,2
e3839b3c-aeb5-4609-aadb-3b6d926b6ecf.dat,squiggle,e3839b3c-aeb5-4609-aadb-3b6d926b6ecf,000887,3
e39c8802-d95d-4c87-b46e-29aa0687a400.dat,narrowbanddrd,e39c8802-d95d-4c87-b46e-29aa0687a400,000888,2
e3ddbec5-af56-4908-aa77-cd5a93daa5f1.dat,narrowband,e3ddbec5-af56-4908-aa77-cd5a93daa5f1,000889,1
e3e15781-c114-43ac-a09c-6f8e3bf7c751.dat,narrowband,e3e15781-c114-43ac-a09c-6f8e3bf7c751,000890,1
e3e71426-73a0-49b2-926d-2ccada055c28.dat,squiggle,e3e71426-73a0-49b2-926d-2ccada055c28,000891,3
e3eceb9c-576b-4567-a5eb-0b73f0f08084.dat,narrowbanddrd,e3eceb9c-576b-4567-a5eb-0b73f0f08084,000892,2
e3f9732f-3df7-4b46-a8a4-f3211690aa2f.dat,narrowbanddrd,e3f9732f-3df7-4b46-a8a4-f3211690aa2f,000893,2
e44dd3a7-8fc8-4f06-b462-17d7f88b9f03.dat,noise,e44dd3a7-8fc8-4f06-b462-17d7f88b9f03,000894,0
e4888303-ae17-4851-8d47-9d9909f0f9a1.dat,narrowband,e4888303-ae17-4851-8d47-9d9909f0f9a1,000895,1
e488eaeb-56ed-435c-9870-aec7dfccd31a.dat,squiggle,e488eaeb-56ed-435c-9870-aec7dfccd31a,000896,3
e503d311-ee2f-4e2a-9cd0-6dff8cf57cf6.dat,narrowbanddrd,e503d311-ee2f-4e2a-9cd0-6dff8cf57cf6,000897,2
e52a12c4-8371-42b2-ab0e-ea901cd45b76.dat,narrowbanddrd,e52a12c4-8371-42b2-ab0e-ea901cd45b76,000898,2
e583e286-d78e-4aee-a815-c1b6affdf38b.dat,noise,e583e286-d78e-4aee-a815-c1b6affdf38b,000899,0
e59cf124-5820-47cc-9687-b5e20e57e9ab.dat,squiggle,e59cf124-5820-47cc-9687-b5e20e57e9ab,000900,3
e6987898-ed17-4941-8c97-fc3550992098.dat,narrowband,e6987898-ed17-4941-8c97-fc3550992098,000901,1
e7170eaf-12bc-4b81-b485-39cf192ee233.dat,narrowband,e7170eaf-12bc-4b81-b485-39cf192ee233,000902,1
e72d681d-0332-4a96-8b3d-a65ff119fbca.dat,narrowband,e72d681d-0332-4a96-8b3d-a65ff119fbca,000903,1
e77f43e6-b3a2-4624-9856-cc507816e12c.dat,noise,e77f43e6-b3a2-4624-9856-cc507816e12c,000904,0
e87779c8-03d2-414f-b5ba-47b9166432d8.dat,narrowband,e87779c8-03d2-414f-b5ba-47b9166432d8,000905,1
e8cf14a9-6fef-4432-a27c-626a20d1bd95.dat,squiggle,e8cf14a9-6fef-4432-a27c-626a20d1bd95,000906,3
e8fcf207-743b-4949-bbf8-729af005d85a.dat,narrowbanddrd,e8fcf207-743b-4949-bbf8-729af005d85a,000907,2
e8fe9e8f-233f-4da1-87fa-056d1f1e4a75.dat,noise,e8fe9e8f-233f-4da1-87fa-056d1f1e4a75,000908,0
e9269eed-5eb5-4baf-bc3b-b26658dea9e7.dat,narrowband,e9269eed-5eb5-4baf-bc3b-b26658dea9e7,000909,1
ea166f7f-57ac-421b-8aac-885b51bf2d88.dat,squiggle,ea166f7f-57ac-421b-8aac-885b51bf2d88,000910,3
ea1763ff-0416-4abc-be71-5f320cfb60ea.dat,narrowband,ea1763ff-0416-4abc-be71-5f320cfb60ea,000911,1
ea1faf93-5e66-438c-8eda-0f10d55114e8.dat,noise,ea1faf93-5e66-438c-8eda-0f10d55114e8,000912,0
ea2fba38-ec16-4669-a4c2-97f47615de9d.dat,narrowbanddrd,ea2fba38-ec16-4669-a4c2-97f47615de9d,000913,2
ea3949cd-be4a-464f-aa07-0d37f6fa0727.dat,narrowbanddrd,ea3949cd-be4a-464f-aa07-0d37f6fa0727,000914,2
ea56c857-74b1-4af7-8976-aabe89193b8c.dat,narrowbanddrd,ea56c857-74b1-4af7-8976-aabe89193b8c,000915,2
ea5ff13d-5718-4dec-8335-956622d8cac4.dat,narrowband,ea5ff13d-5718-4dec-8335-956622d8cac4,000916,1
ea60508d-b001-44e3-a569-fc6f1f43db36.dat,narrowbanddrd,ea60508d-b001-44e3-a569-fc6f1f43db36,000917,2
eaa9384b-1045-451c-bf2a-de616a62148b.dat,squiggle,eaa9384b-1045-451c-bf2a-de616a62148b,000918,3
eac15bd6-8a2a-4efe-8478-a18bd80f27dc.dat,narrowband,eac15bd6-8a2a-4efe-8478-a18bd80f27dc,000919,1
eadaee50-f9ee-4bc6-afc2-2364e889c16a.dat,narrowbanddrd,eadaee50-f9ee-4bc6-afc2-2364e889c16a,000920,2
eaf13063-db87-420e-ac2c-5c676edf3625.dat,squiggle,eaf13063-db87-420e-ac2c-5c676edf3625,000921,3
eaf8b804-621e-45c6-a29b-f8800febb1d8.dat,narrowband,eaf8b804-621e-45c6-a29b-f8800febb1d8,000922,1
eb1caaf3-3a44-48df-998e-f82d07d0bdf4.dat,narrowbanddrd,eb1caaf3-3a44-48df-998e-f82d07d0bdf4,000923,2
eb497f53-ac2c-455e-abc9-445e8aec85d5.dat,narrowband,eb497f53-ac2c-455e-abc9-445e8aec85d5,000924,1
eb7f6267-233e-4152-a9ff-1c0f9ad1a665.dat,narrowbanddrd,eb7f6267-233e-4152-a9ff-1c0f9ad1a665,000925,2
eb94389d-18ff-48e3-87c6-028752b5a48b.dat,narrowbanddrd,eb94389d-18ff-48e3-87c6-028752b5a48b,000926,2
ebb0c034-2e27-41fa-b104-4f0494005cdf.dat,squiggle,ebb0c034-2e27-41fa-b104-4f0494005cdf,000927,3
ebbd37ca-bbf4-475a-b9b4-0c560c3cd8de.dat,noise,ebbd37ca-bbf4-475a-b9b4-0c560c3cd8de,000928,0
ebc38370-d1cb-4a02-8fd9-ff78f97650f4.dat,noise,ebc38370-d1cb-4a02-8fd9-ff78f97650f4,000929,0
ec4bb2e5-cbde-496b-9c43-0488fc88d1a8.dat,noise,ec4bb2e5-cbde-496b-9c43-0488fc88d1a8,000930,0
ec502756-27c8-493a-b76f-8f631329f78f.dat,noise,ec502756-27c8-493a-b76f-8f631329f78f,000931,0
ec50440a-498f-4018-a427-6c281b38ce54.dat,squiggle,ec50440a-498f-4018-a427-6c281b38ce54,000932,3
ece5af38-b64c-4fc6-8338-413204c8fb30.dat,squiggle,ece5af38-b64c-4fc6-8338-413204c8fb30,000933,3
ecef3dbe-fbc3-40d4-bedd-4236544297b8.dat,squiggle,ecef3dbe-fbc3-40d4-bedd-4236544297b8,000934,3
ed604c4a-d8c8-4e51-9431-7d3aa4e8182d.dat,squiggle,ed604c4a-d8c8-4e51-9431-7d3aa4e8182d,000935,3
eed6c8f5-9954-4125-bca5-e443c7b75c7e.dat,narrowband,eed6c8f5-9954-4125-bca5-e443c7b75c7e,000936,1
eef58eac-1fbb-4fe5-a76d-5a0dfa800dc7.dat,noise,eef58eac-1fbb-4fe5-a76d-5a0dfa800dc7,000937,0
ef24961c-b4fb-4433-813b-37c4538de2e3.dat,narrowband,ef24961c-b4fb-4433-813b-37c4538de2e3,000938,1
ef28495d-8d92-4bd1-95a4-4e596e58ba0e.dat,narrowbanddrd,ef28495d-8d92-4bd1-95a4-4e596e58ba0e,000939,2
ef530156-374b-47b7-819d-b105841702dd.dat,narrowbanddrd,ef530156-374b-47b7-819d-b105841702dd,000940,2
efa6fbfa-076a-4f02-b35f-71e54d7e23b5.dat,squiggle,efa6fbfa-076a-4f02-b35f-71e54d7e23b5,000941,3
efd1b58d-36f4-46aa-b525-bcc539a61fb8.dat,narrowbanddrd,efd1b58d-36f4-46aa-b525-bcc539a61fb8,000942,2
f09e8506-6b3b-4698-a99e-9ddbe81a97f6.dat,noise,f09e8506-6b3b-4698-a99e-9ddbe81a97f6,000943,0
f0c304b7-d055-4fd0-b907-a1bae9ded287.dat,narrowband,f0c304b7-d055-4fd0-b907-a1bae9ded287,000944,1
f0d60d4c-e4ac-499a-9e47-14b5284546cf.dat,narrowband,f0d60d4c-e4ac-499a-9e47-14b5284546cf,000945,1
f1368024-1d22-4ff2-8af0-1092e22dee05.dat,narrowbanddrd,f1368024-1d22-4ff2-8af0-1092e22dee05,000946,2
f13e07ab-73c0-4f1d-832d-bdd583efeb2b.dat,squiggle,f13e07ab-73c0-4f1d-832d-bdd583efeb2b,000947,3
f1a8d3d7-8ff5-4459-9161-5dea0bd68468.dat,noise,f1a8d3d7-8ff5-4459-9161-5dea0bd68468,000948,0
f23b85a7-89ea-4afb-a1f6-219536870069.dat,squiggle,f23b85a7-89ea-4afb-a1f6-219536870069,000949,3
f24f281b-84a5-49ea-81d0-e9a1ea27a56e.dat,squiggle,f24f281b-84a5-49ea-81d0-e9a1ea27a56e,000950,3
f2f36fc6-19f7-412b-8f3e-a176a942fbda.dat,noise,f2f36fc6-19f7-412b-8f3e-a176a942fbda,000951,0
f30fd525-bdd1-48e8-ae9e-e75282fc0f48.dat,narrowband,f30fd525-bdd1-48e8-ae9e-e75282fc0f48,000952,1
f319a943-349c-4d8e-8f22-a6a31921b27e.dat,noise,f319a943-349c-4d8e-8f22-a6a31921b27e,000953,0
f37a58ec-db21-4a5c-a42f-67f47753d941.dat,narrowbanddrd,f37a58ec-db21-4a5c-a42f-67f47753d941,000954,2
f381f97d-b71c-4267-8766-c5163f045e3b.dat,squiggle,f381f97d-b71c-4267-8766-c5163f045e3b,000955,3
f3a9d210-f7a0-4da6-8b76-07e25914dbfc.dat,narrowbanddrd,f3a9d210-f7a0-4da6-8b76-07e25914dbfc,000956,2
f3ccdc01-b1f4-424c-8887-99178393fcdd.dat,noise,f3ccdc01-b1f4-424c-8887-99178393fcdd,000957,0
f3d68856-1dc1-4982-a31d-076afcc21a9f.dat,narrowbanddrd,f3d68856-1dc1-4982-a31d-076afcc21a9f,000958,2
f42c3731-c57c-4eff-8e7c-9e19a136d38c.dat,narrowband,f42c3731-c57c-4eff-8e7c-9e19a136d38c,000959,1
f4928631-3077-4d22-a063-19bba6362178.dat,noise,f4928631-3077-4d22-a063-19bba6362178,000960,0
f4a15ccd-df50-42e9-96d9-4d2176cb00bf.dat,noise,f4a15ccd-df50-42e9-96d9-4d2176cb00bf,000961,0
f539ce31-d172-40cb-83e7-e946513b9769.dat,narrowband,f539ce31-d172-40cb-83e7-e946513b9769,000962,1
f55fb24e-694a-4cdc-82c7-7bbd58c91d99.dat,narrowband,f55fb24e-694a-4cdc-82c7-7bbd58c91d99,000963,1
f6754419-c2fe-4484-80ad-2986c817cefe.dat,narrowband,f6754419-c2fe-4484-80ad-2986c817cefe,000964,1
f689e649-219d-4b53-87da-5c46b70f49da.dat,squiggle,f689e649-219d-4b53-87da-5c46b70f49da,000965,3
f68a943a-0bd7-4de9-831a-71a3c87adf0f.dat,squiggle,f68a943a-0bd7-4de9-831a-71a3c87adf0f,000966,3
f6c2d11a-d478-47c3-b727-cf0e93148000.dat,narrowband,f6c2d11a-d478-47c3-b727-cf0e93148000,000967,1
f6e6f7d3-d26f-4c60-8bb3-db687ea979ee.dat,squiggle,f6e6f7d3-d26f-4c60-8bb3-db687ea979ee,000968,3
f72a1d39-c6e5-4db4-bdb3-d172176dc1e4.dat,squiggle,f72a1d39-c6e5-4db4-bdb3-d172176dc1e4,000969,3
f74b7e69-cd4c-4c67-ab4f-af52df2cbdaa.dat,noise,f74b7e69-cd4c-4c67-ab4f-af52df2cbdaa,000970,0
f7808772-f7c5-4062-88b5-34d3d2b6333d.dat,squiggle,f7808772-f7c5-4062-88b5-34d3d2b6333d,000971,3
f7e46736-276d-4e37-b45d-336537df95b6.dat,narrowband,f7e46736-276d-4e37-b45d-336537df95b6,000972,1
f80cd4e4-e7cc-4f03-97a8-5666f6052a95.dat,narrowband,f80cd4e4-e7cc-4f03-97a8-5666f6052a95,000973,1
f8a98416-dc7d-4883-adb1-9351c1b4f249.dat,noise,f8a98416-dc7d-4883-adb1-9351c1b4f249,000974,0
f912193a-299a-4abc-9634-f18d417185b2.dat,narrowband,f912193a-299a-4abc-9634-f18d417185b2,000975,1
f956b27a-9df8-454c-bcfd-dd30ba12cf42.dat,squiggle,f956b27a-9df8-454c-bcfd-dd30ba12cf42,000976,3
f989385d-96cd-49b4-96cf-e8072e946eae.dat,narrowbanddrd,f989385d-96cd-49b4-96cf-e8072e946eae,000977,2
f9e1bff4-742d-43fa-aca9-c0ef1bf625a2.dat,narrowbanddrd,f9e1bff4-742d-43fa-aca9-c0ef1bf625a2,000978,2
fab52fc3-cd02-45a6-861c-f719e7349c4e.dat,narrowbanddrd,fab52fc3-cd02-45a6-861c-f719e7349c4e,000979,2
fac15a36-7802-4b89-b1d7-85cf8c4d4104.dat,noise,fac15a36-7802-4b89-b1d7-85cf8c4d4104,000980,0
faceabfe-e09c-4778-8799-41226d3855bf.dat,narrowband,faceabfe-e09c-4778-8799-41226d3855bf,000981,1
fae13349-d8cc-4547-870c-0d288484c5e8.dat,narrowbanddrd,fae13349-d8cc-4547-870c-0d288484c5e8,000982,2
fbd4eb99-d0c4-4e9f-ada5-0eebfc2b35e7.dat,narrowbanddrd,fbd4eb99-d0c4-4e9f-ada5-0eebfc2b35e7,000983,2
fbe1bd99-8f49-4b0b-ab59-ba18f427b86e.dat,narrowband,fbe1bd99-8f49-4b0b-ab59-ba18f427b86e,000984,1
fc443231-d88f-4b94-972c-ce5e8c7fc505.dat,noise,fc443231-d88f-4b94-972c-ce5e8c7fc505,000985,0
fc66c6a2-d5d9-4d4e-b774-511c8b9fa3dc.dat,noise,fc66c6a2-d5d9-4d4e-b774-511c8b9fa3dc,000986,0
fc8e55cf-3c3d-438d-9932-78eb32bae2b0.dat,narrowband,fc8e55cf-3c3d-438d-9932-78eb32bae2b0,000987,1
fc91a36c-cb49-4e7f-9efa-933aed32b32b.dat,noise,fc91a36c-cb49-4e7f-9efa-933aed32b32b,000988,0
fca64407-b131-48fe-aa15-f0f1488ffe23.dat,narrowbanddrd,fca64407-b131-48fe-aa15-f0f1488ffe23,000989,2
fcb3f3d8-f787-4779-b38f-5c187ce10c31.dat,narrowbanddrd,fcb3f3d8-f787-4779-b38f-5c187ce10c31,000990,2
fd546180-65b1-44c7-aa8a-4a1f2ca807b6.dat,narrowband,fd546180-65b1-44c7-aa8a-4a1f2ca807b6,000991,1
fd87bc58-5c97-4031-8504-f2eabe06c117.dat,narrowbanddrd,fd87bc58-5c97-4031-8504-f2eabe06c117,000992,2
fdcccd33-0f7a-4d8b-90a0-d70269a153d8.dat,squiggle,fdcccd33-0f7a-4d8b-90a0-d70269a153d8,000993,3
fe173a51-3f53-4495-9afa-a3aa0cd74d04.dat,narrowbanddrd,fe173a51-3f53-4495-9afa-a3aa0cd74d04,000994,2
fe47b834-db94-4fc9-9527-4859543ea81a.dat,narrowbanddrd,fe47b834-db94-4fc9-9527-4859543ea81a,000995,2
fe5942bb-c6c4-4f0d-bf27-a713e10f6bf9.dat,narrowband,fe5942bb-c6c4-4f0d-bf27-a713e10f6bf9,000996,1
ff45f251-ef60-4fac-9071-0cd1e42a2319.dat,narrowbanddrd,ff45f251-ef60-4fac-9071-0cd1e42a2319,000997,2
ff6276cc-58c6-4ded-9a14-66538a66300d.dat,noise,ff6276cc-58c6-4ded-9a14-66538a66300d,000998,0
ff921e46-ac4e-4bae-ab54-99b1af378da1.dat,squiggle,ff921e46-ac4e-4bae-ab54-99b1af378da1,000999,3
